{"Cluster-00001":{"Identifier":"Cluster-00001","ParentIdentifier":"Sector-00001","Name":"Sol Cluster","BodyType":"Cluster","AllGroupProperties":{"Basic":{"Name":"Basic","Properties":{}}},"ContainerType":"Cluster","ContainerGroupIdentifiers":{"Name":"GroupIdentifiers-ProgressionContainer","GroupIdentifiers":{"StarSystems":{"Name":"StarSystems","Identifiers":{"Sol":"StarSystem-00001","Bernard":"StarSystem-00002","Sirius":"StarSystem-00003","Luyten":"StarSystem-00004","Procyon":"StarSystem-00005","Lalande":"StarSystem-00006","Epsilon Eridani":"StarSystem-00007","Ross":"StarSystem-00008","Aquarii":"StarSystem-00009","Wolf":"StarSystem-00010","Ceti":"StarSystem-00011"}},"ERBridges":{"Name":"ERBridges","Identifiers":{"Bridge: Sol-Bernard":"ERBridge-00001","Bridge: Sol-Epsilon Eridani":"ERBridge-00002","Bridge: Sol-Procyon":"ERBridge-00003","Bridge: Bernard-Sirius":"ERBridge-00004","Bridge: Bernard-Ross":"ERBridge-00005","Bridge: Procyon-Ceti":"ERBridge-00006","Bridge: Procyon-Lalande":"ERBridge-00007","Bridge: Lalande-Epsilon Eridani":"ERBridge-00008","Bridge: Ross-Aquarii":"ERBridge-00009","Bridge: Aquarii-Wolf":"ERBridge-00010","Bridge: Sirius-Luyten":"ERBridge-00011"}}}}},"Cluster-00002":{"Identifier":"Cluster-00002","ParentIdentifier":"Sector-00001","Name":"Centauri Cluster","BodyType":"Cluster","AllGroupProperties":{"Basic":{"Name":"Basic","Properties":{}}},"ContainerType":"Cluster","ContainerGroupIdentifiers":{"Name":"GroupIdentifiers-ProgressionContainer","GroupIdentifiers":{"StarSystems":{"Name":"StarSystems","Identifiers":{"Centauri":"StarSystem-00012","Tau Ceti":"StarSystem-00013","Groombridge":"StarSystem-00014","Kruger":"StarSystem-00015","Lacaille":"StarSystem-00016","Gleine":"StarSystem-00017","Kapteyn":"StarSystem-00018","Vista":"StarSystem-00019","Bihar":"StarSystem-00020","Inne":"StarSystem-00021"}},"ERBridges":{"Name":"ERBridges","Identifiers":{"Bridge: Kruger-Centauri":"ERBridge-00012","Bridge: Kruger-Lacaille":"ERBridge-00013","Bridge: Centauri-Lacaille":"ERBridge-00014","Bridge: Lacaille-Tau Ceti":"ERBridge-00015","Bridge: Lacaille-Gleine":"ERBridge-00016","Bridge: Gleine-Kapteyn":"ERBridge-00017","Bridge: Kruger-Vista":"ERBridge-00018","Bridge: Vista-Bihar":"ERBridge-00019","Bridge: Gleine-Inne":"ERBridge-00020","Bridge: Groombridge-Bihar":"ERBridge-00021"}}}}},"Cluster-00003":{"Identifier":"Cluster-00003","ParentIdentifier":"Sector-00001","Name":"Dwarf Cluster","BodyType":"Cluster","AllGroupProperties":{"Basic":{"Name":"Basic","Properties":{}}},"ContainerType":"Cluster","ContainerGroupIdentifiers":{"Name":"GroupIdentifiers-ProgressionContainer","GroupIdentifiers":{"StarSystems":{"Name":"StarSystems","Identifiers":{"Wolf's Den":"StarSystem-00022","Andromeda":"StarSystem-00023","Sutter":"StarSystem-00024","Siera":"StarSystem-00025","YZ Ceti":"StarSystem-00026","Kercur":"StarSystem-00027","Nuone":"StarSystem-00028","Leonis":"StarSystem-00029","Ophir":"StarSystem-00030","Cancri":"StarSystem-00031","Eureka":"StarSystem-00032","TeeGarden":"StarSystem-00033","Van Maanen":"StarSystem-00034","Knob":"StarSystem-00035"}},"ERBridges":{"Name":"ERBridges","Identifiers":{"Bridge: Wolf's Den-Siera":"ERBridge-00022","Bridge: Siera-Leonis":"ERBridge-00023","Bridge: Leonis-Ophir":"ERBridge-00024","Bridge: Leonis-TeeGarden":"ERBridge-00025","Bridge: TeeGarden-Van Maanen":"ERBridge-00026","Bridge: TeeGarden-Cancri":"ERBridge-00027","Bridge: Van Maanen-YZ Ceti":"ERBridge-00028","Bridge: Van Maanen-Eureka":"ERBridge-00029","Bridge: Cancri-Nuone":"ERBridge-00030","Bridge: YZ Ceti-Andromeda":"ERBridge-00031","Bridge: Andromeda-Kercur":"ERBridge-00032","Bridge: Kercur-Nuone":"ERBridge-00033","Bridge: Nuone-Sutter":"ERBridge-00034","Bridge: Nuone-Eureka":"ERBridge-00035","Bridge: Eureka-Knob":"ERBridge-00036"}}}}},"Cluster-00004":{"Identifier":"Cluster-00004","ParentIdentifier":"Sector-00001","Name":"Cygni Cluster","BodyType":"Cluster","AllGroupProperties":{"Basic":{"Name":"Basic","Properties":{}}},"ContainerType":"Cluster","ContainerGroupIdentifiers":{"Name":"GroupIdentifiers-ProgressionContainer","GroupIdentifiers":{"StarSystems":{"Name":"StarSystems","Identifiers":{"Cygni":"StarSystem-00036","Epsilon Indi":"StarSystem-00037","Arietis":"StarSystem-00038","Flare":"StarSystem-00039","Demic":"StarSystem-00040","Lapis":"StarSystem-00041","Banawali":"StarSystem-00042","Rudra":"StarSystem-00043"}},"ERBridges":{"Name":"ERBridges","Identifiers":{"Bridge: Cygni-Epsilon Indi":"ERBridge-00037","Bridge: Cygni-Arietis":"ERBridge-00038","Bridge: Epsilon Indi-Flare":"ERBridge-00039","Bridge: Flare-Lapis":"ERBridge-00040","Bridge: Arietis-Demic":"ERBridge-00041","Bridge: Arietis-Lapis":"ERBridge-00042","Bridge: Flare-Demic":"ERBridge-00043","Bridge: Demic-Banawali":"ERBridge-00044","Bridge: Demic-Rudra":"ERBridge-00045"}}}}},"Cluster-00005":{"Identifier":"Cluster-00005","ParentIdentifier":"Sector-00001","Name":"Altair","BodyType":"Cluster","AllGroupProperties":{"Basic":{"Name":"Basic","Properties":{}}},"ContainerType":"Cluster","ContainerGroupIdentifiers":{"Name":"GroupIdentifiers-ProgressionContainer","GroupIdentifiers":{"StarSystems":{"Name":"StarSystems","Identifiers":{"Altair":"StarSystem-00044","Krell":"StarSystem-00045","Mobius":"StarSystem-00046","Bellerophon":"StarSystem-00047","Id":"StarSystem-00048","Adams":"StarSystem-00049","Lacerta":"StarSystem-00050","Gateway":"StarSystem-00051","Omicron":"StarSystem-00052"}},"ERBridges":{"Name":"ERBridges","Identifiers":{"Bridge: Altair-Krell":"ERBridge-00046","Bridge: Altair-Mobius":"ERBridge-00047","Bridge: Altair-Bellerophon":"ERBridge-00048","Bridge: Altair-Adams":"ERBridge-00049","Bridge: Krell-Id":"ERBridge-00050","Bridge: Krell-Omicron":"ERBridge-00051","Bridge: Mobius-Bellerophon":"ERBridge-00052","Bridge: Mobius-Id":"ERBridge-00053","Bridge: Mobius-Adams":"ERBridge-00054","Bridge: Bellerophon-Lacerta":"ERBridge-00055","Bridge: Lacerta-Gateway":"ERBridge-00056"}}}}}}