{
  "Cluster-00001": {
    "Identifier": "Cluster-00001",
    "ParentIdentifier": "Sector-00001",
    "Name": "Sol Cluster",
    "BodyType": "Cluster",
    "Properties": {
      "PropertyGroups": {
        "Basic": {}
      }
    },
    "ContainerType": "Cluster",
    "ContainerGroupIdentifiers": {
      "Name": "GroupIdentifiers-ProgressionContainer",
      "GroupIdentifiers": {
        "StarSystems": {
          "Sol": "StarSystem-00001",
          "Bernard": "StarSystem-00002",
          "Sirius": "StarSystem-00003",
          "Luyten": "StarSystem-00004",
          "Procyon": "StarSystem-00005",
          "Lalande": "StarSystem-00006",
          "Epsilon Eridani": "StarSystem-00007",
          "Ross": "StarSystem-00008",
          "Ophiuchi": "StarSystem-00009",
          "Little Ophiuchi": "StarSystem-00010",
          "Wolf": "StarSystem-00011",
          "Ceti": "StarSystem-00012"
        },
        "ERBridges": {
          "Bridge: Sol-Bernard": "ERBridge-00001",
          "Bridge: Sol-Epsilon Eridani": "ERBridge-00002",
          "Bridge: Sol-Procyon": "ERBridge-00003",
          "Bridge: Bernard-Sirius": "ERBridge-00004",
          "Bridge: Bernard-Ross": "ERBridge-00005",
          "Bridge: Procyon-Ceti": "ERBridge-00006",
          "Bridge: Procyon-Lalande": "ERBridge-00007",
          "Bridge: Lalande-Epsilon Eridani": "ERBridge-00008",
          "Bridge: Ross-Ophiuchi": "ERBridge-00009",
          "Bridge: Ophiuchi-Little Ophiuchi": "ERBridge-00010",
          "Bridge: Ophiuchi-Wolf": "ERBridge-00011",
          "Bridge: Little Ophiuchi-Wolf": "ERBridge-00012",
          "Bridge: Sirius-Luyten": "ERBridge-00013"
        }
      }
    }
  },
  "Cluster-00002": {
    "Identifier": "Cluster-00002",
    "ParentIdentifier": "Sector-00001",
    "Name": "Centauri Cluster",
    "BodyType": "Cluster",
    "Properties": {
      "PropertyGroups": {
        "Basic": {}
      }
    },
    "ContainerType": "Cluster",
    "ContainerGroupIdentifiers": {
      "Name": "GroupIdentifiers-ProgressionContainer",
      "GroupIdentifiers": {
        "StarSystems": {
          "Centauri": "StarSystem-00013",
          "Tau Ceti": "StarSystem-00014",
          "Groombridge": "StarSystem-00015",
          "Kruger": "StarSystem-00016",
          "Lacaille": "StarSystem-00017",
          "Gleine": "StarSystem-00018",
          "Kapteyn": "StarSystem-00019",
          "Vista": "StarSystem-00020",
          "Bihar": "StarSystem-00021",
          "Inne": "StarSystem-00022"
        },
        "ERBridges": {
          "Bridge: Kruger-Centauri": "ERBridge-00014",
          "Bridge: Kruger-Lacaille": "ERBridge-00015",
          "Bridge: Centauri-Lacaille": "ERBridge-00016",
          "Bridge: Lacaille-Tau Ceti": "ERBridge-00017",
          "Bridge: Lacaille-Gleine": "ERBridge-00018",
          "Bridge: Gleine-Kapteyn": "ERBridge-00019",
          "Bridge: Kruger-Vista": "ERBridge-00020",
          "Bridge: Vista-Bihar": "ERBridge-00021",
          "Bridge: Gleine-Inne": "ERBridge-00022",
          "Bridge: Groombridge-Bihar": "ERBridge-00023"
        }
      }
    }
  },
  "Cluster-00003": {
    "Identifier": "Cluster-00003",
    "ParentIdentifier": "Sector-00001",
    "Name": "Dwarf Cluster",
    "BodyType": "Cluster",
    "Properties": {
      "PropertyGroups": {
        "Basic": {}
      }
    },
    "ContainerType": "Cluster",
    "ContainerGroupIdentifiers": {
      "Name": "GroupIdentifiers-ProgressionContainer",
      "GroupIdentifiers": {
        "StarSystems": {
          "Wolf's Den": "StarSystem-00023",
          "Andromeda": "StarSystem-00024",
          "Sutter": "StarSystem-00025",
          "Siera": "StarSystem-00026",
          "YZ Ceti": "StarSystem-00027",
          "Kercur": "StarSystem-00028",
          "Nuone": "StarSystem-00029",
          "Leonis": "StarSystem-00030",
          "Ophir": "StarSystem-00031",
          "Cancri": "StarSystem-00032",
          "Eureka": "StarSystem-00033",
          "TeeGarden": "StarSystem-00034",
          "Van Maanen": "StarSystem-00035",
          "Knob": "StarSystem-00036"
        },
        "ERBridges": {
          "Bridge: Wolf's Den-Siera": "ERBridge-00024",
          "Bridge: Siera-Leonis": "ERBridge-00025",
          "Bridge: Leonis-Ophir": "ERBridge-00026",
          "Bridge: Leonis-TeeGarden": "ERBridge-00027",
          "Bridge: TeeGarden-Van Maanen": "ERBridge-00028",
          "Bridge: TeeGarden-Cancri": "ERBridge-00029",
          "Bridge: Van Maanen-YZ Ceti": "ERBridge-00030",
          "Bridge: Van Maanen-Eureka": "ERBridge-00031",
          "Bridge: Cancri-Nuone": "ERBridge-00032",
          "Bridge: YZ Ceti-Andromeda": "ERBridge-00033",
          "Bridge: Andromeda-Kercur": "ERBridge-00034",
          "Bridge: Kercur-Nuone": "ERBridge-00035",
          "Bridge: Nuone-Sutter": "ERBridge-00036",
          "Bridge: Nuone-Eureka": "ERBridge-00037",
          "Bridge: Eureka-Knob": "ERBridge-00038"
        }
      }
    }
  },
  "Cluster-00004": {
    "Identifier": "Cluster-00004",
    "ParentIdentifier": "Sector-00001",
    "Name": "Cygni Cluster",
    "BodyType": "Cluster",
    "Properties": {
      "PropertyGroups": {
        "Basic": {}
      }
    },
    "ContainerType": "Cluster",
    "ContainerGroupIdentifiers": {
      "Name": "GroupIdentifiers-ProgressionContainer",
      "GroupIdentifiers": {
        "StarSystems": {
          "Cygni": "StarSystem-00037",
          "Epsilon Indi": "StarSystem-00038",
          "Arietis": "StarSystem-00039",
          "Flare": "StarSystem-00040",
          "Demic": "StarSystem-00041",
          "Lapis": "StarSystem-00042",
          "Banawali": "StarSystem-00043",
          "Rudra": "StarSystem-00044"
        },
        "ERBridges": {
          "Bridge: Cygni-Epsilon Indi": "ERBridge-00039",
          "Bridge: Cygni-Arietis": "ERBridge-00040",
          "Bridge: Epsilon Indi-Flare": "ERBridge-00041",
          "Bridge: Flare-Lapis": "ERBridge-00042",
          "Bridge: Arietis-Demic": "ERBridge-00043",
          "Bridge: Arietis-Lapis": "ERBridge-00044",
          "Bridge: Flare-Demic": "ERBridge-00045",
          "Bridge: Demic-Banawali": "ERBridge-00046",
          "Bridge: Demic-Rudra": "ERBridge-00047"
        }
      }
    }
  },
  "Cluster-00005": {
    "Identifier": "Cluster-00005",
    "ParentIdentifier": "Sector-00001",
    "Name": "Altair",
    "BodyType": "Cluster",
    "Properties": {
      "PropertyGroups": {
        "Basic": {}
      }
    },
    "ContainerType": "Cluster",
    "ContainerGroupIdentifiers": {
      "Name": "GroupIdentifiers-ProgressionContainer",
      "GroupIdentifiers": {
        "StarSystems": {
          "Altair": "StarSystem-00045",
          "Krell": "StarSystem-00046",
          "Mobius": "StarSystem-00047",
          "Bellerophon": "StarSystem-00048",
          "Id": "StarSystem-00049",
          "Adams": "StarSystem-00050",
          "Lacerta": "StarSystem-00051",
          "Omicron": "StarSystem-00052",
          "Gateway": "StarSystem-00053"
        },
        "ERBridges": {
          "Bridge: Altair-Krell": "ERBridge-00048",
          "Bridge: Altair-Mobius": "ERBridge-00049",
          "Bridge: Altair-Bellerophon": "ERBridge-00050",
          "Bridge: Altair-Adams": "ERBridge-00051",
          "Bridge: Krell-Id": "ERBridge-00052",
          "Bridge: Krell-Omicron": "ERBridge-00053",
          "Bridge: Mobius-Bellerophon": "ERBridge-00054",
          "Bridge: Mobius-Id": "ERBridge-00055",
          "Bridge: Mobius-Adams": "ERBridge-00056",
          "Bridge: Bellerophon-Lacerta": "ERBridge-00057",
          "Bridge: Lacerta-Gateway": "ERBridge-00058"
        }
      }
    }
  }
}