{"ERBridge-00001":{"Identifier":"ERBridge-00001","ParentIdentifier":"Cluster-00001","Name":"Bridge: Sol-Bernard","BodyType":"ERBridge","Properties":{"AllProperties":{"Basic":{}}},"BridgeType":"StarSystem","Portals":[{"StarIdentifier":"StarSystem-00001","ERBridgeIdentifier":"ERBridge-00001","Position":{"x":0.0,"y":0.0,"z":0.0}},{"StarIdentifier":"StarSystem-00002","ERBridgeIdentifier":"ERBridge-00001","Position":{"x":0.0,"y":0.0,"z":0.0}}]},"ERBridge-00002":{"Identifier":"ERBridge-00002","ParentIdentifier":"Cluster-00001","Name":"Bridge: Sol-Epsilon Eridani","BodyType":"ERBridge","Properties":{"AllProperties":{"Basic":{}}},"BridgeType":"StarSystem","Portals":[{"StarIdentifier":"StarSystem-00001","ERBridgeIdentifier":"ERBridge-00002","Position":{"x":0.0,"y":0.0,"z":0.0}},{"StarIdentifier":"StarSystem-00007","ERBridgeIdentifier":"ERBridge-00002","Position":{"x":0.0,"y":0.0,"z":0.0}}]},"ERBridge-00003":{"Identifier":"ERBridge-00003","ParentIdentifier":"Cluster-00001","Name":"Bridge: Sol-Procyon","BodyType":"ERBridge","Properties":{"AllProperties":{"Basic":{}}},"BridgeType":"StarSystem","Portals":[{"StarIdentifier":"StarSystem-00001","ERBridgeIdentifier":"ERBridge-00003","Position":{"x":0.0,"y":0.0,"z":0.0}},{"StarIdentifier":"StarSystem-00005","ERBridgeIdentifier":"ERBridge-00003","Position":{"x":0.0,"y":0.0,"z":0.0}}]},"ERBridge-00004":{"Identifier":"ERBridge-00004","ParentIdentifier":"Cluster-00001","Name":"Bridge: Bernard-Sirius","BodyType":"ERBridge","Properties":{"AllProperties":{"Basic":{}}},"BridgeType":"StarSystem","Portals":[{"StarIdentifier":"StarSystem-00002","ERBridgeIdentifier":"ERBridge-00004","Position":{"x":0.0,"y":0.0,"z":0.0}},{"StarIdentifier":"StarSystem-00003","ERBridgeIdentifier":"ERBridge-00004","Position":{"x":0.0,"y":0.0,"z":0.0}}]},"ERBridge-00005":{"Identifier":"ERBridge-00005","ParentIdentifier":"Cluster-00001","Name":"Bridge: Bernard-Ross","BodyType":"ERBridge","Properties":{"AllProperties":{"Basic":{}}},"BridgeType":"StarSystem","Portals":[{"StarIdentifier":"StarSystem-00002","ERBridgeIdentifier":"ERBridge-00005","Position":{"x":0.0,"y":0.0,"z":0.0}},{"StarIdentifier":"StarSystem-00008","ERBridgeIdentifier":"ERBridge-00005","Position":{"x":0.0,"y":0.0,"z":0.0}}]},"ERBridge-00006":{"Identifier":"ERBridge-00006","ParentIdentifier":"Cluster-00001","Name":"Bridge: Procyon-Ceti","BodyType":"ERBridge","Properties":{"AllProperties":{"Basic":{}}},"BridgeType":"StarSystem","Portals":[{"StarIdentifier":"StarSystem-00005","ERBridgeIdentifier":"ERBridge-00006","Position":{"x":0.0,"y":0.0,"z":0.0}},{"StarIdentifier":"StarSystem-00011","ERBridgeIdentifier":"ERBridge-00006","Position":{"x":0.0,"y":0.0,"z":0.0}}]},"ERBridge-00007":{"Identifier":"ERBridge-00007","ParentIdentifier":"Cluster-00001","Name":"Bridge: Procyon-Lalande","BodyType":"ERBridge","Properties":{"AllProperties":{"Basic":{}}},"BridgeType":"StarSystem","Portals":[{"StarIdentifier":"StarSystem-00005","ERBridgeIdentifier":"ERBridge-00007","Position":{"x":0.0,"y":0.0,"z":0.0}},{"StarIdentifier":"StarSystem-00006","ERBridgeIdentifier":"ERBridge-00007","Position":{"x":0.0,"y":0.0,"z":0.0}}]},"ERBridge-00008":{"Identifier":"ERBridge-00008","ParentIdentifier":"Cluster-00001","Name":"Bridge: Lalande-Epsilon Eridani","BodyType":"ERBridge","Properties":{"AllProperties":{"Basic":{}}},"BridgeType":"StarSystem","Portals":[{"StarIdentifier":"StarSystem-00006","ERBridgeIdentifier":"ERBridge-00008","Position":{"x":0.0,"y":0.0,"z":0.0}},{"StarIdentifier":"StarSystem-00007","ERBridgeIdentifier":"ERBridge-00008","Position":{"x":0.0,"y":0.0,"z":0.0}}]},"ERBridge-00009":{"Identifier":"ERBridge-00009","ParentIdentifier":"Cluster-00001","Name":"Bridge: Ross-Aquarii","BodyType":"ERBridge","Properties":{"AllProperties":{"Basic":{}}},"BridgeType":"StarSystem","Portals":[{"StarIdentifier":"StarSystem-00008","ERBridgeIdentifier":"ERBridge-00009","Position":{"x":0.0,"y":0.0,"z":0.0}},{"StarIdentifier":"StarSystem-00009","ERBridgeIdentifier":"ERBridge-00009","Position":{"x":0.0,"y":0.0,"z":0.0}}]},"ERBridge-00010":{"Identifier":"ERBridge-00010","ParentIdentifier":"Cluster-00001","Name":"Bridge: Aquarii-Wolf","BodyType":"ERBridge","Properties":{"AllProperties":{"Basic":{}}},"BridgeType":"StarSystem","Portals":[{"StarIdentifier":"StarSystem-00009","ERBridgeIdentifier":"ERBridge-00010","Position":{"x":0.0,"y":0.0,"z":0.0}},{"StarIdentifier":"StarSystem-00010","ERBridgeIdentifier":"ERBridge-00010","Position":{"x":0.0,"y":0.0,"z":0.0}}]},"ERBridge-00011":{"Identifier":"ERBridge-00011","ParentIdentifier":"Cluster-00001","Name":"Bridge: Sirius-Luyten","BodyType":"ERBridge","Properties":{"AllProperties":{"Basic":{}}},"BridgeType":"StarSystem","Portals":[{"StarIdentifier":"StarSystem-00003","ERBridgeIdentifier":"ERBridge-00011","Position":{"x":0.0,"y":0.0,"z":0.0}},{"StarIdentifier":"StarSystem-00004","ERBridgeIdentifier":"ERBridge-00011","Position":{"x":0.0,"y":0.0,"z":0.0}}]},"ERBridge-00012":{"Identifier":"ERBridge-00012","ParentIdentifier":"Cluster-00002","Name":"Bridge: Kruger-Centauri","BodyType":"ERBridge","Properties":{"AllProperties":{"Basic":{}}},"BridgeType":"StarSystem","Portals":[{"StarIdentifier":"StarSystem-00015","ERBridgeIdentifier":"ERBridge-00012","Position":{"x":0.0,"y":0.0,"z":0.0}},{"StarIdentifier":"StarSystem-00012","ERBridgeIdentifier":"ERBridge-00012","Position":{"x":0.0,"y":0.0,"z":0.0}}]},"ERBridge-00013":{"Identifier":"ERBridge-00013","ParentIdentifier":"Cluster-00002","Name":"Bridge: Kruger-Lacaille","BodyType":"ERBridge","Properties":{"AllProperties":{"Basic":{}}},"BridgeType":"StarSystem","Portals":[{"StarIdentifier":"StarSystem-00015","ERBridgeIdentifier":"ERBridge-00013","Position":{"x":0.0,"y":0.0,"z":0.0}},{"StarIdentifier":"StarSystem-00016","ERBridgeIdentifier":"ERBridge-00013","Position":{"x":0.0,"y":0.0,"z":0.0}}]},"ERBridge-00014":{"Identifier":"ERBridge-00014","ParentIdentifier":"Cluster-00002","Name":"Bridge: Centauri-Lacaille","BodyType":"ERBridge","Properties":{"AllProperties":{"Basic":{}}},"BridgeType":"StarSystem","Portals":[{"StarIdentifier":"StarSystem-00012","ERBridgeIdentifier":"ERBridge-00014","Position":{"x":0.0,"y":0.0,"z":0.0}},{"StarIdentifier":"StarSystem-00016","ERBridgeIdentifier":"ERBridge-00014","Position":{"x":0.0,"y":0.0,"z":0.0}}]},"ERBridge-00015":{"Identifier":"ERBridge-00015","ParentIdentifier":"Cluster-00002","Name":"Bridge: Lacaille-Tau Ceti","BodyType":"ERBridge","Properties":{"AllProperties":{"Basic":{}}},"BridgeType":"StarSystem","Portals":[{"StarIdentifier":"StarSystem-00016","ERBridgeIdentifier":"ERBridge-00015","Position":{"x":0.0,"y":0.0,"z":0.0}},{"StarIdentifier":"StarSystem-00013","ERBridgeIdentifier":"ERBridge-00015","Position":{"x":0.0,"y":0.0,"z":0.0}}]},"ERBridge-00016":{"Identifier":"ERBridge-00016","ParentIdentifier":"Cluster-00002","Name":"Bridge: Lacaille-Gleine","BodyType":"ERBridge","Properties":{"AllProperties":{"Basic":{}}},"BridgeType":"StarSystem","Portals":[{"StarIdentifier":"StarSystem-00016","ERBridgeIdentifier":"ERBridge-00016","Position":{"x":0.0,"y":0.0,"z":0.0}},{"StarIdentifier":"StarSystem-00017","ERBridgeIdentifier":"ERBridge-00016","Position":{"x":0.0,"y":0.0,"z":0.0}}]},"ERBridge-00017":{"Identifier":"ERBridge-00017","ParentIdentifier":"Cluster-00002","Name":"Bridge: Gleine-Kapteyn","BodyType":"ERBridge","Properties":{"AllProperties":{"Basic":{}}},"BridgeType":"StarSystem","Portals":[{"StarIdentifier":"StarSystem-00017","ERBridgeIdentifier":"ERBridge-00017","Position":{"x":0.0,"y":0.0,"z":0.0}},{"StarIdentifier":"StarSystem-00018","ERBridgeIdentifier":"ERBridge-00017","Position":{"x":0.0,"y":0.0,"z":0.0}}]},"ERBridge-00018":{"Identifier":"ERBridge-00018","ParentIdentifier":"Cluster-00002","Name":"Bridge: Kruger-Vista","BodyType":"ERBridge","Properties":{"AllProperties":{"Basic":{}}},"BridgeType":"StarSystem","Portals":[{"StarIdentifier":"StarSystem-00015","ERBridgeIdentifier":"ERBridge-00018","Position":{"x":0.0,"y":0.0,"z":0.0}},{"StarIdentifier":"StarSystem-00019","ERBridgeIdentifier":"ERBridge-00018","Position":{"x":0.0,"y":0.0,"z":0.0}}]},"ERBridge-00019":{"Identifier":"ERBridge-00019","ParentIdentifier":"Cluster-00002","Name":"Bridge: Vista-Bihar","BodyType":"ERBridge","Properties":{"AllProperties":{"Basic":{}}},"BridgeType":"StarSystem","Portals":[{"StarIdentifier":"StarSystem-00019","ERBridgeIdentifier":"ERBridge-00019","Position":{"x":0.0,"y":0.0,"z":0.0}},{"StarIdentifier":"StarSystem-00020","ERBridgeIdentifier":"ERBridge-00019","Position":{"x":0.0,"y":0.0,"z":0.0}}]},"ERBridge-00020":{"Identifier":"ERBridge-00020","ParentIdentifier":"Cluster-00002","Name":"Bridge: Gleine-Inne","BodyType":"ERBridge","Properties":{"AllProperties":{"Basic":{}}},"BridgeType":"StarSystem","Portals":[{"StarIdentifier":"StarSystem-00017","ERBridgeIdentifier":"ERBridge-00020","Position":{"x":0.0,"y":0.0,"z":0.0}},{"StarIdentifier":"StarSystem-00021","ERBridgeIdentifier":"ERBridge-00020","Position":{"x":0.0,"y":0.0,"z":0.0}}]},"ERBridge-00021":{"Identifier":"ERBridge-00021","ParentIdentifier":"Cluster-00002","Name":"Bridge: Groombridge-Bihar","BodyType":"ERBridge","Properties":{"AllProperties":{"Basic":{}}},"BridgeType":"StarSystem","Portals":[{"StarIdentifier":"StarSystem-00014","ERBridgeIdentifier":"ERBridge-00021","Position":{"x":0.0,"y":0.0,"z":0.0}},{"StarIdentifier":"StarSystem-00020","ERBridgeIdentifier":"ERBridge-00021","Position":{"x":0.0,"y":0.0,"z":0.0}}]},"ERBridge-00022":{"Identifier":"ERBridge-00022","ParentIdentifier":"Cluster-00003","Name":"Bridge: Wolf's Den-Siera","BodyType":"ERBridge","Properties":{"AllProperties":{"Basic":{}}},"BridgeType":"StarSystem","Portals":[{"StarIdentifier":"StarSystem-00022","ERBridgeIdentifier":"ERBridge-00022","Position":{"x":0.0,"y":0.0,"z":0.0}},{"StarIdentifier":"StarSystem-00025","ERBridgeIdentifier":"ERBridge-00022","Position":{"x":0.0,"y":0.0,"z":0.0}}]},"ERBridge-00023":{"Identifier":"ERBridge-00023","ParentIdentifier":"Cluster-00003","Name":"Bridge: Siera-Leonis","BodyType":"ERBridge","Properties":{"AllProperties":{"Basic":{}}},"BridgeType":"StarSystem","Portals":[{"StarIdentifier":"StarSystem-00025","ERBridgeIdentifier":"ERBridge-00023","Position":{"x":0.0,"y":0.0,"z":0.0}},{"StarIdentifier":"StarSystem-00029","ERBridgeIdentifier":"ERBridge-00023","Position":{"x":0.0,"y":0.0,"z":0.0}}]},"ERBridge-00024":{"Identifier":"ERBridge-00024","ParentIdentifier":"Cluster-00003","Name":"Bridge: Leonis-Ophir","BodyType":"ERBridge","Properties":{"AllProperties":{"Basic":{}}},"BridgeType":"StarSystem","Portals":[{"StarIdentifier":"StarSystem-00029","ERBridgeIdentifier":"ERBridge-00024","Position":{"x":0.0,"y":0.0,"z":0.0}},{"StarIdentifier":"StarSystem-00030","ERBridgeIdentifier":"ERBridge-00024","Position":{"x":0.0,"y":0.0,"z":0.0}}]},"ERBridge-00025":{"Identifier":"ERBridge-00025","ParentIdentifier":"Cluster-00003","Name":"Bridge: Leonis-TeeGarden","BodyType":"ERBridge","Properties":{"AllProperties":{"Basic":{}}},"BridgeType":"StarSystem","Portals":[{"StarIdentifier":"StarSystem-00029","ERBridgeIdentifier":"ERBridge-00025","Position":{"x":0.0,"y":0.0,"z":0.0}},{"StarIdentifier":"StarSystem-00033","ERBridgeIdentifier":"ERBridge-00025","Position":{"x":0.0,"y":0.0,"z":0.0}}]},"ERBridge-00026":{"Identifier":"ERBridge-00026","ParentIdentifier":"Cluster-00003","Name":"Bridge: TeeGarden-Van Maanen","BodyType":"ERBridge","Properties":{"AllProperties":{"Basic":{}}},"BridgeType":"StarSystem","Portals":[{"StarIdentifier":"StarSystem-00033","ERBridgeIdentifier":"ERBridge-00026","Position":{"x":0.0,"y":0.0,"z":0.0}},{"StarIdentifier":"StarSystem-00034","ERBridgeIdentifier":"ERBridge-00026","Position":{"x":0.0,"y":0.0,"z":0.0}}]},"ERBridge-00027":{"Identifier":"ERBridge-00027","ParentIdentifier":"Cluster-00003","Name":"Bridge: TeeGarden-Cancri","BodyType":"ERBridge","Properties":{"AllProperties":{"Basic":{}}},"BridgeType":"StarSystem","Portals":[{"StarIdentifier":"StarSystem-00033","ERBridgeIdentifier":"ERBridge-00027","Position":{"x":0.0,"y":0.0,"z":0.0}},{"StarIdentifier":"StarSystem-00031","ERBridgeIdentifier":"ERBridge-00027","Position":{"x":0.0,"y":0.0,"z":0.0}}]},"ERBridge-00028":{"Identifier":"ERBridge-00028","ParentIdentifier":"Cluster-00003","Name":"Bridge: Van Maanen-YZ Ceti","BodyType":"ERBridge","Properties":{"AllProperties":{"Basic":{}}},"BridgeType":"StarSystem","Portals":[{"StarIdentifier":"StarSystem-00034","ERBridgeIdentifier":"ERBridge-00028","Position":{"x":0.0,"y":0.0,"z":0.0}},{"StarIdentifier":"StarSystem-00026","ERBridgeIdentifier":"ERBridge-00028","Position":{"x":0.0,"y":0.0,"z":0.0}}]},"ERBridge-00029":{"Identifier":"ERBridge-00029","ParentIdentifier":"Cluster-00003","Name":"Bridge: Van Maanen-Eureka","BodyType":"ERBridge","Properties":{"AllProperties":{"Basic":{}}},"BridgeType":"StarSystem","Portals":[{"StarIdentifier":"StarSystem-00034","ERBridgeIdentifier":"ERBridge-00029","Position":{"x":0.0,"y":0.0,"z":0.0}},{"StarIdentifier":"StarSystem-00032","ERBridgeIdentifier":"ERBridge-00029","Position":{"x":0.0,"y":0.0,"z":0.0}}]},"ERBridge-00030":{"Identifier":"ERBridge-00030","ParentIdentifier":"Cluster-00003","Name":"Bridge: Cancri-Nuone","BodyType":"ERBridge","Properties":{"AllProperties":{"Basic":{}}},"BridgeType":"StarSystem","Portals":[{"StarIdentifier":"StarSystem-00031","ERBridgeIdentifier":"ERBridge-00030","Position":{"x":0.0,"y":0.0,"z":0.0}},{"StarIdentifier":"StarSystem-00028","ERBridgeIdentifier":"ERBridge-00030","Position":{"x":0.0,"y":0.0,"z":0.0}}]},"ERBridge-00031":{"Identifier":"ERBridge-00031","ParentIdentifier":"Cluster-00003","Name":"Bridge: YZ Ceti-Andromeda","BodyType":"ERBridge","Properties":{"AllProperties":{"Basic":{}}},"BridgeType":"StarSystem","Portals":[{"StarIdentifier":"StarSystem-00026","ERBridgeIdentifier":"ERBridge-00031","Position":{"x":0.0,"y":0.0,"z":0.0}},{"StarIdentifier":"StarSystem-00023","ERBridgeIdentifier":"ERBridge-00031","Position":{"x":0.0,"y":0.0,"z":0.0}}]},"ERBridge-00032":{"Identifier":"ERBridge-00032","ParentIdentifier":"Cluster-00003","Name":"Bridge: Andromeda-Kercur","BodyType":"ERBridge","Properties":{"AllProperties":{"Basic":{}}},"BridgeType":"StarSystem","Portals":[{"StarIdentifier":"StarSystem-00023","ERBridgeIdentifier":"ERBridge-00032","Position":{"x":0.0,"y":0.0,"z":0.0}},{"StarIdentifier":"StarSystem-00027","ERBridgeIdentifier":"ERBridge-00032","Position":{"x":0.0,"y":0.0,"z":0.0}}]},"ERBridge-00033":{"Identifier":"ERBridge-00033","ParentIdentifier":"Cluster-00003","Name":"Bridge: Kercur-Nuone","BodyType":"ERBridge","Properties":{"AllProperties":{"Basic":{}}},"BridgeType":"StarSystem","Portals":[{"StarIdentifier":"StarSystem-00027","ERBridgeIdentifier":"ERBridge-00033","Position":{"x":0.0,"y":0.0,"z":0.0}},{"StarIdentifier":"StarSystem-00028","ERBridgeIdentifier":"ERBridge-00033","Position":{"x":0.0,"y":0.0,"z":0.0}}]},"ERBridge-00034":{"Identifier":"ERBridge-00034","ParentIdentifier":"Cluster-00003","Name":"Bridge: Nuone-Sutter","BodyType":"ERBridge","Properties":{"AllProperties":{"Basic":{}}},"BridgeType":"StarSystem","Portals":[{"StarIdentifier":"StarSystem-00028","ERBridgeIdentifier":"ERBridge-00034","Position":{"x":0.0,"y":0.0,"z":0.0}},{"StarIdentifier":"StarSystem-00024","ERBridgeIdentifier":"ERBridge-00034","Position":{"x":0.0,"y":0.0,"z":0.0}}]},"ERBridge-00035":{"Identifier":"ERBridge-00035","ParentIdentifier":"Cluster-00003","Name":"Bridge: Nuone-Eureka","BodyType":"ERBridge","Properties":{"AllProperties":{"Basic":{}}},"BridgeType":"StarSystem","Portals":[{"StarIdentifier":"StarSystem-00028","ERBridgeIdentifier":"ERBridge-00035","Position":{"x":0.0,"y":0.0,"z":0.0}},{"StarIdentifier":"StarSystem-00032","ERBridgeIdentifier":"ERBridge-00035","Position":{"x":0.0,"y":0.0,"z":0.0}}]},"ERBridge-00036":{"Identifier":"ERBridge-00036","ParentIdentifier":"Cluster-00003","Name":"Bridge: Eureka-Knob","BodyType":"ERBridge","Properties":{"AllProperties":{"Basic":{}}},"BridgeType":"StarSystem","Portals":[{"StarIdentifier":"StarSystem-00032","ERBridgeIdentifier":"ERBridge-00036","Position":{"x":0.0,"y":0.0,"z":0.0}},{"StarIdentifier":"StarSystem-00035","ERBridgeIdentifier":"ERBridge-00036","Position":{"x":0.0,"y":0.0,"z":0.0}}]},"ERBridge-00037":{"Identifier":"ERBridge-00037","ParentIdentifier":"Cluster-00004","Name":"Bridge: Cygni-Epsilon Indi","BodyType":"ERBridge","Properties":{"AllProperties":{"Basic":{}}},"BridgeType":"StarSystem","Portals":[{"StarIdentifier":"StarSystem-00036","ERBridgeIdentifier":"ERBridge-00037","Position":{"x":0.0,"y":0.0,"z":0.0}},{"StarIdentifier":"StarSystem-00037","ERBridgeIdentifier":"ERBridge-00037","Position":{"x":0.0,"y":0.0,"z":0.0}}]},"ERBridge-00038":{"Identifier":"ERBridge-00038","ParentIdentifier":"Cluster-00004","Name":"Bridge: Cygni-Arietis","BodyType":"ERBridge","Properties":{"AllProperties":{"Basic":{}}},"BridgeType":"StarSystem","Portals":[{"StarIdentifier":"StarSystem-00036","ERBridgeIdentifier":"ERBridge-00038","Position":{"x":0.0,"y":0.0,"z":0.0}},{"StarIdentifier":"StarSystem-00038","ERBridgeIdentifier":"ERBridge-00038","Position":{"x":0.0,"y":0.0,"z":0.0}}]},"ERBridge-00039":{"Identifier":"ERBridge-00039","ParentIdentifier":"Cluster-00004","Name":"Bridge: Epsilon Indi-Flare","BodyType":"ERBridge","Properties":{"AllProperties":{"Basic":{}}},"BridgeType":"StarSystem","Portals":[{"StarIdentifier":"StarSystem-00037","ERBridgeIdentifier":"ERBridge-00039","Position":{"x":0.0,"y":0.0,"z":0.0}},{"StarIdentifier":"StarSystem-00039","ERBridgeIdentifier":"ERBridge-00039","Position":{"x":0.0,"y":0.0,"z":0.0}}]},"ERBridge-00040":{"Identifier":"ERBridge-00040","ParentIdentifier":"Cluster-00004","Name":"Bridge: Flare-Lapis","BodyType":"ERBridge","Properties":{"AllProperties":{"Basic":{}}},"BridgeType":"StarSystem","Portals":[{"StarIdentifier":"StarSystem-00039","ERBridgeIdentifier":"ERBridge-00040","Position":{"x":0.0,"y":0.0,"z":0.0}},{"StarIdentifier":"StarSystem-00041","ERBridgeIdentifier":"ERBridge-00040","Position":{"x":0.0,"y":0.0,"z":0.0}}]},"ERBridge-00041":{"Identifier":"ERBridge-00041","ParentIdentifier":"Cluster-00004","Name":"Bridge: Arietis-Demic","BodyType":"ERBridge","Properties":{"AllProperties":{"Basic":{}}},"BridgeType":"StarSystem","Portals":[{"StarIdentifier":"StarSystem-00038","ERBridgeIdentifier":"ERBridge-00041","Position":{"x":0.0,"y":0.0,"z":0.0}},{"StarIdentifier":"StarSystem-00040","ERBridgeIdentifier":"ERBridge-00041","Position":{"x":0.0,"y":0.0,"z":0.0}}]},"ERBridge-00042":{"Identifier":"ERBridge-00042","ParentIdentifier":"Cluster-00004","Name":"Bridge: Arietis-Lapis","BodyType":"ERBridge","Properties":{"AllProperties":{"Basic":{}}},"BridgeType":"StarSystem","Portals":[{"StarIdentifier":"StarSystem-00038","ERBridgeIdentifier":"ERBridge-00042","Position":{"x":0.0,"y":0.0,"z":0.0}},{"StarIdentifier":"StarSystem-00041","ERBridgeIdentifier":"ERBridge-00042","Position":{"x":0.0,"y":0.0,"z":0.0}}]},"ERBridge-00043":{"Identifier":"ERBridge-00043","ParentIdentifier":"Cluster-00004","Name":"Bridge: Flare-Demic","BodyType":"ERBridge","Properties":{"AllProperties":{"Basic":{}}},"BridgeType":"StarSystem","Portals":[{"StarIdentifier":"StarSystem-00039","ERBridgeIdentifier":"ERBridge-00043","Position":{"x":0.0,"y":0.0,"z":0.0}},{"StarIdentifier":"StarSystem-00040","ERBridgeIdentifier":"ERBridge-00043","Position":{"x":0.0,"y":0.0,"z":0.0}}]},"ERBridge-00044":{"Identifier":"ERBridge-00044","ParentIdentifier":"Cluster-00004","Name":"Bridge: Demic-Banawali","BodyType":"ERBridge","Properties":{"AllProperties":{"Basic":{}}},"BridgeType":"StarSystem","Portals":[{"StarIdentifier":"StarSystem-00040","ERBridgeIdentifier":"ERBridge-00044","Position":{"x":0.0,"y":0.0,"z":0.0}},{"StarIdentifier":"StarSystem-00042","ERBridgeIdentifier":"ERBridge-00044","Position":{"x":0.0,"y":0.0,"z":0.0}}]},"ERBridge-00045":{"Identifier":"ERBridge-00045","ParentIdentifier":"Cluster-00004","Name":"Bridge: Demic-Rudra","BodyType":"ERBridge","Properties":{"AllProperties":{"Basic":{}}},"BridgeType":"StarSystem","Portals":[{"StarIdentifier":"StarSystem-00040","ERBridgeIdentifier":"ERBridge-00045","Position":{"x":0.0,"y":0.0,"z":0.0}},{"StarIdentifier":"StarSystem-00043","ERBridgeIdentifier":"ERBridge-00045","Position":{"x":0.0,"y":0.0,"z":0.0}}]},"ERBridge-00046":{"Identifier":"ERBridge-00046","ParentIdentifier":"Cluster-00005","Name":"Bridge: Altair-Krell","BodyType":"ERBridge","Properties":{"AllProperties":{"Basic":{}}},"BridgeType":"StarSystem","Portals":[{"StarIdentifier":"StarSystem-00044","ERBridgeIdentifier":"ERBridge-00046","Position":{"x":0.0,"y":0.0,"z":0.0}},{"StarIdentifier":"StarSystem-00045","ERBridgeIdentifier":"ERBridge-00046","Position":{"x":0.0,"y":0.0,"z":0.0}}]},"ERBridge-00047":{"Identifier":"ERBridge-00047","ParentIdentifier":"Cluster-00005","Name":"Bridge: Altair-Mobius","BodyType":"ERBridge","Properties":{"AllProperties":{"Basic":{}}},"BridgeType":"StarSystem","Portals":[{"StarIdentifier":"StarSystem-00044","ERBridgeIdentifier":"ERBridge-00047","Position":{"x":0.0,"y":0.0,"z":0.0}},{"StarIdentifier":"StarSystem-00046","ERBridgeIdentifier":"ERBridge-00047","Position":{"x":0.0,"y":0.0,"z":0.0}}]},"ERBridge-00048":{"Identifier":"ERBridge-00048","ParentIdentifier":"Cluster-00005","Name":"Bridge: Altair-Bellerophon","BodyType":"ERBridge","Properties":{"AllProperties":{"Basic":{}}},"BridgeType":"StarSystem","Portals":[{"StarIdentifier":"StarSystem-00044","ERBridgeIdentifier":"ERBridge-00048","Position":{"x":0.0,"y":0.0,"z":0.0}},{"StarIdentifier":"StarSystem-00047","ERBridgeIdentifier":"ERBridge-00048","Position":{"x":0.0,"y":0.0,"z":0.0}}]},"ERBridge-00049":{"Identifier":"ERBridge-00049","ParentIdentifier":"Cluster-00005","Name":"Bridge: Altair-Adams","BodyType":"ERBridge","Properties":{"AllProperties":{"Basic":{}}},"BridgeType":"StarSystem","Portals":[{"StarIdentifier":"StarSystem-00044","ERBridgeIdentifier":"ERBridge-00049","Position":{"x":0.0,"y":0.0,"z":0.0}},{"StarIdentifier":"StarSystem-00049","ERBridgeIdentifier":"ERBridge-00049","Position":{"x":0.0,"y":0.0,"z":0.0}}]},"ERBridge-00050":{"Identifier":"ERBridge-00050","ParentIdentifier":"Cluster-00005","Name":"Bridge: Krell-Id","BodyType":"ERBridge","Properties":{"AllProperties":{"Basic":{}}},"BridgeType":"StarSystem","Portals":[{"StarIdentifier":"StarSystem-00045","ERBridgeIdentifier":"ERBridge-00050","Position":{"x":0.0,"y":0.0,"z":0.0}},{"StarIdentifier":"StarSystem-00048","ERBridgeIdentifier":"ERBridge-00050","Position":{"x":0.0,"y":0.0,"z":0.0}}]},"ERBridge-00051":{"Identifier":"ERBridge-00051","ParentIdentifier":"Cluster-00005","Name":"Bridge: Krell-Omicron","BodyType":"ERBridge","Properties":{"AllProperties":{"Basic":{}}},"BridgeType":"StarSystem","Portals":[{"StarIdentifier":"StarSystem-00045","ERBridgeIdentifier":"ERBridge-00051","Position":{"x":0.0,"y":0.0,"z":0.0}},{"StarIdentifier":"StarSystem-00052","ERBridgeIdentifier":"ERBridge-00051","Position":{"x":0.0,"y":0.0,"z":0.0}}]},"ERBridge-00052":{"Identifier":"ERBridge-00052","ParentIdentifier":"Cluster-00005","Name":"Bridge: Mobius-Bellerophon","BodyType":"ERBridge","Properties":{"AllProperties":{"Basic":{}}},"BridgeType":"StarSystem","Portals":[{"StarIdentifier":"StarSystem-00046","ERBridgeIdentifier":"ERBridge-00052","Position":{"x":0.0,"y":0.0,"z":0.0}},{"StarIdentifier":"StarSystem-00047","ERBridgeIdentifier":"ERBridge-00052","Position":{"x":0.0,"y":0.0,"z":0.0}}]},"ERBridge-00053":{"Identifier":"ERBridge-00053","ParentIdentifier":"Cluster-00005","Name":"Bridge: Mobius-Id","BodyType":"ERBridge","Properties":{"AllProperties":{"Basic":{}}},"BridgeType":"StarSystem","Portals":[{"StarIdentifier":"StarSystem-00046","ERBridgeIdentifier":"ERBridge-00053","Position":{"x":0.0,"y":0.0,"z":0.0}},{"StarIdentifier":"StarSystem-00048","ERBridgeIdentifier":"ERBridge-00053","Position":{"x":0.0,"y":0.0,"z":0.0}}]},"ERBridge-00054":{"Identifier":"ERBridge-00054","ParentIdentifier":"Cluster-00005","Name":"Bridge: Mobius-Adams","BodyType":"ERBridge","Properties":{"AllProperties":{"Basic":{}}},"BridgeType":"StarSystem","Portals":[{"StarIdentifier":"StarSystem-00046","ERBridgeIdentifier":"ERBridge-00054","Position":{"x":0.0,"y":0.0,"z":0.0}},{"StarIdentifier":"StarSystem-00049","ERBridgeIdentifier":"ERBridge-00054","Position":{"x":0.0,"y":0.0,"z":0.0}}]},"ERBridge-00055":{"Identifier":"ERBridge-00055","ParentIdentifier":"Cluster-00005","Name":"Bridge: Bellerophon-Lacerta","BodyType":"ERBridge","Properties":{"AllProperties":{"Basic":{}}},"BridgeType":"StarSystem","Portals":[{"StarIdentifier":"StarSystem-00047","ERBridgeIdentifier":"ERBridge-00055","Position":{"x":0.0,"y":0.0,"z":0.0}},{"StarIdentifier":"StarSystem-00050","ERBridgeIdentifier":"ERBridge-00055","Position":{"x":0.0,"y":0.0,"z":0.0}}]},"ERBridge-00056":{"Identifier":"ERBridge-00056","ParentIdentifier":"Cluster-00005","Name":"Bridge: Lacerta-Gateway","BodyType":"ERBridge","Properties":{"AllProperties":{"Basic":{}}},"BridgeType":"StarSystem","Portals":[{"StarIdentifier":"StarSystem-00050","ERBridgeIdentifier":"ERBridge-00056","Position":{"x":0.0,"y":0.0,"z":0.0}},{"StarIdentifier":"StarSystem-00051","ERBridgeIdentifier":"ERBridge-00056","Position":{"x":0.0,"y":0.0,"z":0.0}}]},"ERBridge-00057":{"Identifier":"ERBridge-00057","ParentIdentifier":"Sector-00001","Name":"Bridge: Sirius-Wolf's Den","BodyType":"ERBridge","Properties":{"AllProperties":{"Basic":{}}},"BridgeType":"Cluster","Portals":[{"StarIdentifier":"StarSystem-00003","ERBridgeIdentifier":"ERBridge-00057","Position":{"x":0.0,"y":0.0,"z":0.0}},{"StarIdentifier":"StarSystem-00022","ERBridgeIdentifier":"ERBridge-00057","Position":{"x":0.0,"y":0.0,"z":0.0}}]},"ERBridge-00058":{"Identifier":"ERBridge-00058","ParentIdentifier":"Sector-00001","Name":"Bridge: Lalande-Kruger","BodyType":"ERBridge","Properties":{"AllProperties":{"Basic":{}}},"BridgeType":"Cluster","Portals":[{"StarIdentifier":"StarSystem-00006","ERBridgeIdentifier":"ERBridge-00058","Position":{"x":0.0,"y":0.0,"z":0.0}},{"StarIdentifier":"StarSystem-00015","ERBridgeIdentifier":"ERBridge-00058","Position":{"x":0.0,"y":0.0,"z":0.0}}]},"ERBridge-00059":{"Identifier":"ERBridge-00059","ParentIdentifier":"Sector-00001","Name":"Bridge: Van Maanen-Lacaille","BodyType":"ERBridge","Properties":{"AllProperties":{"Basic":{}}},"BridgeType":"Cluster","Portals":[{"StarIdentifier":"StarSystem-00034","ERBridgeIdentifier":"ERBridge-00059","Position":{"x":0.0,"y":0.0,"z":0.0}},{"StarIdentifier":"StarSystem-00016","ERBridgeIdentifier":"ERBridge-00059","Position":{"x":0.0,"y":0.0,"z":0.0}}]},"ERBridge-00060":{"Identifier":"ERBridge-00060","ParentIdentifier":"Sector-00001","Name":"Bridge: Tau Ceti-Cygni","BodyType":"ERBridge","Properties":{"AllProperties":{"Basic":{}}},"BridgeType":"Cluster","Portals":[{"StarIdentifier":"StarSystem-00013","ERBridgeIdentifier":"ERBridge-00060","Position":{"x":0.0,"y":0.0,"z":0.0}},{"StarIdentifier":"StarSystem-00036","ERBridgeIdentifier":"ERBridge-00060","Position":{"x":0.0,"y":0.0,"z":0.0}}]},"ERBridge-00061":{"Identifier":"ERBridge-00061","ParentIdentifier":"Sector-00001","Name":"Bridge: Rudra-Altair","BodyType":"ERBridge","Properties":{"AllProperties":{"Basic":{}}},"BridgeType":"Cluster","Portals":[{"StarIdentifier":"StarSystem-00043","ERBridgeIdentifier":"ERBridge-00061","Position":{"x":0.0,"y":0.0,"z":0.0}},{"StarIdentifier":"StarSystem-00044","ERBridgeIdentifier":"ERBridge-00061","Position":{"x":0.0,"y":0.0,"z":0.0}}]}}