{"Habitat-00001":{"Identifier":"Habitat-00001","ParentIdentifier":"Planet-00003","Name":"Space Station V","BodyType":"Habitat","AllGroupProperties":{"Basic":{"Name":"Basic","Properties":{}}}},"Habitat-00002":{"Identifier":"Habitat-00002","ParentIdentifier":"Planet-00003","Name":"Moon Base 1","BodyType":"Habitat","AllGroupProperties":{"Basic":{"Name":"Basic","Properties":{}}}},"Habitat-00003":{"Identifier":"Habitat-00003","ParentIdentifier":"Star-00001","Name":"Ceres Station","BodyType":"Habitat","AllGroupProperties":{"Basic":{"Name":"Basic","Properties":{}}}}}