{
  "Habitat-00001": {
    "Identifier": "Habitat-00001",
    "ParentIdentifier": "Planet-00003",
    "Name": "Space Station V",
    "BodyType": "Habitat",
    "Properties": {
      "PropertyGroups": {
        "Basic": {}
      }
    }
  },
  "Habitat-00002": {
    "Identifier": "Habitat-00002",
    "ParentIdentifier": "Planet-00003",
    "Name": "Moon Base 1",
    "BodyType": "Habitat",
    "Properties": {
      "PropertyGroups": {
        "Basic": {}
      }
    }
  },
  "Habitat-00003": {
    "Identifier": "Habitat-00003",
    "ParentIdentifier": "Star-00001",
    "Name": "Ceres Station",
    "BodyType": "Habitat",
    "Properties": {
      "PropertyGroups": {
        "Basic": {}
      }
    }
  }
}