{"Planet-00001":{"Identifier":"Planet-00001","ParentIdentifier":"Star-00001","Name":"Mercury","BodyType":"Planet","Properties":{"AllProperties":{"Basic":{}}},"PlanetGroupIdentifiers":{"Name":"GroupIdentifiers-Planet","GroupIdentifiers":{}}},"Planet-00002":{"Identifier":"Planet-00002","ParentIdentifier":"Star-00001","Name":"Venus","BodyType":"Planet","Properties":{"AllProperties":{"Basic":{}}},"PlanetGroupIdentifiers":{"Name":"GroupIdentifiers-Planet","GroupIdentifiers":{}}},"Planet-00003":{"Identifier":"Planet-00003","ParentIdentifier":"Star-00001","Name":"Earth","BodyType":"Planet","Properties":{"AllProperties":{"Basic":{}}},"PlanetGroupIdentifiers":{"Name":"GroupIdentifiers-ProgressionPlanet","GroupIdentifiers":{"Satellites":{"Name":"Satellites","Identifiers":{"Moon":"Satellite-00001"}},"Habitats":{"Name":"Habitats","Identifiers":{"Space Station V":"Habitat-00001","Moon Base 1":"Habitat-00002"}}}}},"Planet-00004":{"Identifier":"Planet-00004","ParentIdentifier":"Star-00001","Name":"Mars","BodyType":"Planet","Properties":{"AllProperties":{"Basic":{}}},"PlanetGroupIdentifiers":{"Name":"GroupIdentifiers-Planet","GroupIdentifiers":{}}},"Planet-00005":{"Identifier":"Planet-00005","ParentIdentifier":"Star-00001","Name":"Jupiter","BodyType":"Planet","Properties":{"AllProperties":{"Basic":{}}},"PlanetGroupIdentifiers":{"Name":"GroupIdentifiers-Planet","GroupIdentifiers":{}}},"Planet-00006":{"Identifier":"Planet-00006","ParentIdentifier":"Star-00001","Name":"Saturn","BodyType":"Planet","Properties":{"AllProperties":{"Basic":{}}},"PlanetGroupIdentifiers":{"Name":"GroupIdentifiers-Planet","GroupIdentifiers":{}}},"Planet-00007":{"Identifier":"Planet-00007","ParentIdentifier":"Star-00001","Name":"Uranus","BodyType":"Planet","Properties":{"AllProperties":{"Basic":{}}},"PlanetGroupIdentifiers":{"Name":"GroupIdentifiers-Planet","GroupIdentifiers":{}}},"Planet-00008":{"Identifier":"Planet-00008","ParentIdentifier":"Star-00001","Name":"Neptune","BodyType":"Planet","Properties":{"AllProperties":{"Basic":{}}},"PlanetGroupIdentifiers":{"Name":"GroupIdentifiers-Planet","GroupIdentifiers":{}}},"Planet-00009":{"Identifier":"Planet-00009","ParentIdentifier":"Star-00001","Name":"Pluto","BodyType":"Planet","Properties":{"AllProperties":{"Basic":{}}},"PlanetGroupIdentifiers":{"Name":"GroupIdentifiers-Planet","GroupIdentifiers":{}}}}