{"Sector-00001":{"Identifier":"Sector-00001","ParentIdentifier":null,"Name":"Local Sector","BodyType":"Sector","AllGroupProperties":{"Basic":{"Name":"Basic","Properties":{}}},"ContainerType":"Sector","ContainerGroupIdentifiers":{"Name":"GroupIdentifiers-ProgressionContainer","GroupIdentifiers":{"Clusters":{"Name":"Clusters","Identifiers":{"Sol Cluster":"Cluster-00001","Centauri Cluster":"Cluster-00002","Dwarf Cluster":"Cluster-00003","Cygni Cluster":"Cluster-00004","Altair":"Cluster-00005"}},"ERBridges":{"Name":"ERBridges","Identifiers":{"Bridge: Sirius-Wolf's Den":"ERBridge-00057","Bridge: Lalande-Kruger":"ERBridge-00058","Bridge: Van Maanen-Lacaille":"ERBridge-00059","Bridge: Tau Ceti-Cygni":"ERBridge-00060","Bridge: Rudra-Altair":"ERBridge-00061"}}}}}}