{
  "Sector-00001": {
    "Identifier": "Sector-00001",
    "ParentIdentifier": null,
    "Name": "Local Sector",
    "BodyType": "Sector",
    "Properties": {
      "PropertyGroups": {
        "Basic": {}
      }
    },
    "ContainerType": "Sector",
    "ContainerGroupIdentifiers": {
      "Name": "GroupIdentifiers-ProgressionContainer",
      "GroupIdentifiers": {
        "Clusters": {
          "Sol Cluster": "Cluster-00001",
          "Centauri Cluster": "Cluster-00002",
          "Dwarf Cluster": "Cluster-00003",
          "Cygni Cluster": "Cluster-00004",
          "Altair": "Cluster-00005"
        },
        "ERBridges": {
          "Bridge: Sirius-Wolf's Den": "ERBridge-00059",
          "Bridge: Lalande-Kruger": "ERBridge-00060",
          "Bridge: Van Maanen-Lacaille": "ERBridge-00061",
          "Bridge: Tau Ceti-Cygni": "ERBridge-00062",
          "Bridge: Rudra-Altair": "ERBridge-00063",
          "Bridge: Little Ophiuchi-Altair": "ERBridge-00064"
        }
      }
    }
  }
}