{"StarSystem-00001":{"Identifier":"StarSystem-00001","ParentIdentifier":"Cluster-00001","Name":"Sol","BodyType":"StarSystem","Properties":{"AllProperties":{"Basic":{}}},"ContainerType":"StarSystem","ContainerGroupIdentifiers":{"Name":"GroupIdentifiers-ProgressionContainer","GroupIdentifiers":{"Stars":{"Name":"Stars","Identifiers":{"Sun":"Star-00001"}}}},"Portals":[{"StarIdentifier":"StarSystem-00001","ERBridgeIdentifier":"ERBridge-00001","Position":{"x":0.0,"y":0.0,"z":0.0}},{"StarIdentifier":"StarSystem-00001","ERBridgeIdentifier":"ERBridge-00002","Position":{"x":0.0,"y":0.0,"z":0.0}},{"StarIdentifier":"StarSystem-00001","ERBridgeIdentifier":"ERBridge-00003","Position":{"x":0.0,"y":0.0,"z":0.0}}]},"StarSystem-00002":{"Identifier":"StarSystem-00002","ParentIdentifier":"Cluster-00001","Name":"Bernard","BodyType":"StarSystem","Properties":{"AllProperties":{"Basic":{"Designation":"Gl 699"}}},"ContainerType":"StarSystem","ContainerGroupIdentifiers":{"Name":"GroupIdentifiers-ProgressionContainer","GroupIdentifiers":{"Stars":{"Name":"Stars","Identifiers":{"Bernard's Star":"Star-00002"}}}},"Portals":[{"StarIdentifier":"StarSystem-00002","ERBridgeIdentifier":"ERBridge-00001","Position":{"x":0.0,"y":0.0,"z":0.0}},{"StarIdentifier":"StarSystem-00002","ERBridgeIdentifier":"ERBridge-00004","Position":{"x":0.0,"y":0.0,"z":0.0}},{"StarIdentifier":"StarSystem-00002","ERBridgeIdentifier":"ERBridge-00005","Position":{"x":0.0,"y":0.0,"z":0.0}}]},"StarSystem-00003":{"Identifier":"StarSystem-00003","ParentIdentifier":"Cluster-00001","Name":"Sirius","BodyType":"StarSystem","Properties":{"AllProperties":{"Basic":{"Designation":"Gl 244"}}},"ContainerType":"StarSystem","ContainerGroupIdentifiers":{"Name":"GroupIdentifiers-ProgressionContainer","GroupIdentifiers":{"Stars":{"Name":"Stars","Identifiers":{"Sirius":"Star-00003"}}}},"Portals":[{"StarIdentifier":"StarSystem-00003","ERBridgeIdentifier":"ERBridge-00004","Position":{"x":0.0,"y":0.0,"z":0.0}},{"StarIdentifier":"StarSystem-00003","ERBridgeIdentifier":"ERBridge-00011","Position":{"x":0.0,"y":0.0,"z":0.0}},{"StarIdentifier":"StarSystem-00003","ERBridgeIdentifier":"ERBridge-00057","Position":{"x":0.0,"y":0.0,"z":0.0}}]},"StarSystem-00004":{"Identifier":"StarSystem-00004","ParentIdentifier":"Cluster-00001","Name":"Luyten","BodyType":"StarSystem","Properties":{"AllProperties":{"Basic":{"Designation":"Gl 273"}}},"ContainerType":"StarSystem","ContainerGroupIdentifiers":{"Name":"GroupIdentifiers-ProgressionContainer","GroupIdentifiers":{"Stars":{"Name":"Stars","Identifiers":{"Luyten's Star":"Star-00004"}}}},"Portals":[{"StarIdentifier":"StarSystem-00004","ERBridgeIdentifier":"ERBridge-00011","Position":{"x":0.0,"y":0.0,"z":0.0}}]},"StarSystem-00005":{"Identifier":"StarSystem-00005","ParentIdentifier":"Cluster-00001","Name":"Procyon","BodyType":"StarSystem","Properties":{"AllProperties":{"Basic":{"Designation":"Gl 280"}}},"ContainerType":"StarSystem","ContainerGroupIdentifiers":{"Name":"GroupIdentifiers-ProgressionContainer","GroupIdentifiers":{"Stars":{"Name":"Stars","Identifiers":{"Procyon":"Star-00005"}}}},"Portals":[{"StarIdentifier":"StarSystem-00005","ERBridgeIdentifier":"ERBridge-00003","Position":{"x":0.0,"y":0.0,"z":0.0}},{"StarIdentifier":"StarSystem-00005","ERBridgeIdentifier":"ERBridge-00006","Position":{"x":0.0,"y":0.0,"z":0.0}},{"StarIdentifier":"StarSystem-00005","ERBridgeIdentifier":"ERBridge-00007","Position":{"x":0.0,"y":0.0,"z":0.0}}]},"StarSystem-00006":{"Identifier":"StarSystem-00006","ParentIdentifier":"Cluster-00001","Name":"Lalande","BodyType":"StarSystem","Properties":{"AllProperties":{"Basic":{"Designation":"Gl 441"}}},"ContainerType":"StarSystem","ContainerGroupIdentifiers":{"Name":"GroupIdentifiers-ProgressionContainer","GroupIdentifiers":{"Stars":{"Name":"Stars","Identifiers":{"Lalande":"Star-00006"}}}},"Portals":[{"StarIdentifier":"StarSystem-00006","ERBridgeIdentifier":"ERBridge-00007","Position":{"x":0.0,"y":0.0,"z":0.0}},{"StarIdentifier":"StarSystem-00006","ERBridgeIdentifier":"ERBridge-00008","Position":{"x":0.0,"y":0.0,"z":0.0}},{"StarIdentifier":"StarSystem-00006","ERBridgeIdentifier":"ERBridge-00058","Position":{"x":0.0,"y":0.0,"z":0.0}}]},"StarSystem-00007":{"Identifier":"StarSystem-00007","ParentIdentifier":"Cluster-00001","Name":"Epsilon Eridani","BodyType":"StarSystem","Properties":{"AllProperties":{"Basic":{"Designation":"Gl 144"}}},"ContainerType":"StarSystem","ContainerGroupIdentifiers":{"Name":"GroupIdentifiers-ProgressionContainer","GroupIdentifiers":{"Stars":{"Name":"Stars","Identifiers":{"Epsilon Eridani":"Star-00007"}}}},"Portals":[{"StarIdentifier":"StarSystem-00007","ERBridgeIdentifier":"ERBridge-00002","Position":{"x":0.0,"y":0.0,"z":0.0}},{"StarIdentifier":"StarSystem-00007","ERBridgeIdentifier":"ERBridge-00008","Position":{"x":0.0,"y":0.0,"z":0.0}}]},"StarSystem-00008":{"Identifier":"StarSystem-00008","ParentIdentifier":"Cluster-00001","Name":"Ross","BodyType":"StarSystem","Properties":{"AllProperties":{"Basic":{"Designation":"Gl 447"}}},"ContainerType":"StarSystem","ContainerGroupIdentifiers":{"Name":"GroupIdentifiers-ProgressionContainer","GroupIdentifiers":{"Stars":{"Name":"Stars","Identifiers":{"Pocks":"Star-00008"}}}},"Portals":[{"StarIdentifier":"StarSystem-00008","ERBridgeIdentifier":"ERBridge-00005","Position":{"x":0.0,"y":0.0,"z":0.0}},{"StarIdentifier":"StarSystem-00008","ERBridgeIdentifier":"ERBridge-00009","Position":{"x":0.0,"y":0.0,"z":0.0}}]},"StarSystem-00009":{"Identifier":"StarSystem-00009","ParentIdentifier":"Cluster-00001","Name":"Aquarii","BodyType":"StarSystem","Properties":{"AllProperties":{"Basic":{"Designation":"Gl 866"}}},"ContainerType":"StarSystem","ContainerGroupIdentifiers":{"Name":"GroupIdentifiers-ProgressionContainer","GroupIdentifiers":{"Stars":{"Name":"Stars","Identifiers":{"Alvin":"Star-00009","Bruce":"Star-00010","Calvin":"Star-00011"}}}},"Portals":[{"StarIdentifier":"StarSystem-00009","ERBridgeIdentifier":"ERBridge-00009","Position":{"x":0.0,"y":0.0,"z":0.0}},{"StarIdentifier":"StarSystem-00009","ERBridgeIdentifier":"ERBridge-00010","Position":{"x":0.0,"y":0.0,"z":0.0}}]},"StarSystem-00010":{"Identifier":"StarSystem-00010","ParentIdentifier":"Cluster-00001","Name":"Wolf","BodyType":"StarSystem","Properties":{"AllProperties":{"Basic":{"Designation":"Gl 406"}}},"ContainerType":"StarSystem","ContainerGroupIdentifiers":{"Name":"GroupIdentifiers-ProgressionContainer","GroupIdentifiers":{"Stars":{"Name":"Stars","Identifiers":{"Wolf":"Star-00012"}}}},"Portals":[{"StarIdentifier":"StarSystem-00010","ERBridgeIdentifier":"ERBridge-00010","Position":{"x":0.0,"y":0.0,"z":0.0}}]},"StarSystem-00011":{"Identifier":"StarSystem-00011","ParentIdentifier":"Cluster-00001","Name":"Ceti","BodyType":"StarSystem","Properties":{"AllProperties":{"Basic":{"Designation":"Gl 65"}}},"ContainerType":"StarSystem","ContainerGroupIdentifiers":{"Name":"GroupIdentifiers-ProgressionContainer","GroupIdentifiers":{"Stars":{"Name":"Stars","Identifiers":{"BL":"Star-00013","UV":"Star-00014"}}}},"Portals":[{"StarIdentifier":"StarSystem-00011","ERBridgeIdentifier":"ERBridge-00006","Position":{"x":0.0,"y":0.0,"z":0.0}}]},"StarSystem-00012":{"Identifier":"StarSystem-00012","ParentIdentifier":"Cluster-00002","Name":"Centauri","BodyType":"StarSystem","Properties":{"AllProperties":{"Basic":{"Designation":"Gl 559"}}},"ContainerType":"StarSystem","ContainerGroupIdentifiers":{"Name":"GroupIdentifiers-ProgressionContainer","GroupIdentifiers":{"Stars":{"Name":"Stars","Identifiers":{"Alpha":"Star-00015","Beta":"Star-00016","Proxima":"Star-00017"}}}},"Portals":[{"StarIdentifier":"StarSystem-00012","ERBridgeIdentifier":"ERBridge-00012","Position":{"x":0.0,"y":0.0,"z":0.0}},{"StarIdentifier":"StarSystem-00012","ERBridgeIdentifier":"ERBridge-00014","Position":{"x":0.0,"y":0.0,"z":0.0}}]},"StarSystem-00013":{"Identifier":"StarSystem-00013","ParentIdentifier":"Cluster-00002","Name":"Tau Ceti","BodyType":"StarSystem","Properties":{"AllProperties":{"Basic":{"Designation":"Gl 71"}}},"ContainerType":"StarSystem","ContainerGroupIdentifiers":{"Name":"GroupIdentifiers-ProgressionContainer","GroupIdentifiers":{"Stars":{"Name":"Stars","Identifiers":{"Tau Ceti":"Star-00018"}}}},"Portals":[{"StarIdentifier":"StarSystem-00013","ERBridgeIdentifier":"ERBridge-00015","Position":{"x":0.0,"y":0.0,"z":0.0}},{"StarIdentifier":"StarSystem-00013","ERBridgeIdentifier":"ERBridge-00060","Position":{"x":0.0,"y":0.0,"z":0.0}}]},"StarSystem-00014":{"Identifier":"StarSystem-00014","ParentIdentifier":"Cluster-00002","Name":"Groombridge","BodyType":"StarSystem","Properties":{"AllProperties":{"Basic":{"Designation":"Gl 380"}}},"ContainerType":"StarSystem","ContainerGroupIdentifiers":{"Name":"GroupIdentifiers-ProgressionContainer","GroupIdentifiers":{"Stars":{"Name":"Stars","Identifiers":{"Groombridge":"Star-00019"}}}},"Portals":[{"StarIdentifier":"StarSystem-00014","ERBridgeIdentifier":"ERBridge-00021","Position":{"x":0.0,"y":0.0,"z":0.0}}]},"StarSystem-00015":{"Identifier":"StarSystem-00015","ParentIdentifier":"Cluster-00002","Name":"Kruger","BodyType":"StarSystem","Properties":{"AllProperties":{"Basic":{"Designation":"Gl 860"}}},"ContainerType":"StarSystem","ContainerGroupIdentifiers":{"Name":"GroupIdentifiers-ProgressionContainer","GroupIdentifiers":{"Stars":{"Name":"Stars","Identifiers":{"Kruger":"Star-00020"}}}},"Portals":[{"StarIdentifier":"StarSystem-00015","ERBridgeIdentifier":"ERBridge-00012","Position":{"x":0.0,"y":0.0,"z":0.0}},{"StarIdentifier":"StarSystem-00015","ERBridgeIdentifier":"ERBridge-00013","Position":{"x":0.0,"y":0.0,"z":0.0}},{"StarIdentifier":"StarSystem-00015","ERBridgeIdentifier":"ERBridge-00018","Position":{"x":0.0,"y":0.0,"z":0.0}},{"StarIdentifier":"StarSystem-00015","ERBridgeIdentifier":"ERBridge-00058","Position":{"x":0.0,"y":0.0,"z":0.0}}]},"StarSystem-00016":{"Identifier":"StarSystem-00016","ParentIdentifier":"Cluster-00002","Name":"Lacaille","BodyType":"StarSystem","Properties":{"AllProperties":{"Basic":{"Designation":"Gl 825"}}},"ContainerType":"StarSystem","ContainerGroupIdentifiers":{"Name":"GroupIdentifiers-ProgressionContainer","GroupIdentifiers":{"Stars":{"Name":"Stars","Identifiers":{"Lacaille":"Star-00021"}}}},"Portals":[{"StarIdentifier":"StarSystem-00016","ERBridgeIdentifier":"ERBridge-00013","Position":{"x":0.0,"y":0.0,"z":0.0}},{"StarIdentifier":"StarSystem-00016","ERBridgeIdentifier":"ERBridge-00014","Position":{"x":0.0,"y":0.0,"z":0.0}},{"StarIdentifier":"StarSystem-00016","ERBridgeIdentifier":"ERBridge-00015","Position":{"x":0.0,"y":0.0,"z":0.0}},{"StarIdentifier":"StarSystem-00016","ERBridgeIdentifier":"ERBridge-00016","Position":{"x":0.0,"y":0.0,"z":0.0}},{"StarIdentifier":"StarSystem-00016","ERBridgeIdentifier":"ERBridge-00059","Position":{"x":0.0,"y":0.0,"z":0.0}}]},"StarSystem-00017":{"Identifier":"StarSystem-00017","ParentIdentifier":"Cluster-00002","Name":"Gleine","BodyType":"StarSystem","Properties":{"AllProperties":{"Basic":{"Designation":"Gl 725"}}},"ContainerType":"StarSystem","ContainerGroupIdentifiers":{"Name":"GroupIdentifiers-ProgressionContainer","GroupIdentifiers":{"Stars":{"Name":"Stars","Identifiers":{"Gleine":"Star-00022","Struve":"Star-00023"}}}},"Portals":[{"StarIdentifier":"StarSystem-00017","ERBridgeIdentifier":"ERBridge-00016","Position":{"x":0.0,"y":0.0,"z":0.0}},{"StarIdentifier":"StarSystem-00017","ERBridgeIdentifier":"ERBridge-00017","Position":{"x":0.0,"y":0.0,"z":0.0}},{"StarIdentifier":"StarSystem-00017","ERBridgeIdentifier":"ERBridge-00020","Position":{"x":0.0,"y":0.0,"z":0.0}}]},"StarSystem-00018":{"Identifier":"StarSystem-00018","ParentIdentifier":"Cluster-00002","Name":"Kapteyn","BodyType":"StarSystem","Properties":{"AllProperties":{"Basic":{"Designation":"Gl 191"}}},"ContainerType":"StarSystem","ContainerGroupIdentifiers":{"Name":"GroupIdentifiers-ProgressionContainer","GroupIdentifiers":{"Stars":{"Name":"Stars","Identifiers":{"Kapteyn's Star":"Star-00024"}}}},"Portals":[{"StarIdentifier":"StarSystem-00018","ERBridgeIdentifier":"ERBridge-00017","Position":{"x":0.0,"y":0.0,"z":0.0}}]},"StarSystem-00019":{"Identifier":"StarSystem-00019","ParentIdentifier":"Cluster-00002","Name":"Vista","BodyType":"StarSystem","Properties":{"AllProperties":{"Basic":{"Designation":"Gl 473"}}},"ContainerType":"StarSystem","ContainerGroupIdentifiers":{"Name":"GroupIdentifiers-ProgressionContainer","GroupIdentifiers":{"Stars":{"Name":"Stars","Identifiers":{"Vista":"Star-00025","Point":"Star-00026"}}}},"Portals":[{"StarIdentifier":"StarSystem-00019","ERBridgeIdentifier":"ERBridge-00018","Position":{"x":0.0,"y":0.0,"z":0.0}},{"StarIdentifier":"StarSystem-00019","ERBridgeIdentifier":"ERBridge-00019","Position":{"x":0.0,"y":0.0,"z":0.0}}]},"StarSystem-00020":{"Identifier":"StarSystem-00020","ParentIdentifier":"Cluster-00002","Name":"Bihar","BodyType":"StarSystem","Properties":{"AllProperties":{"Basic":{"Designation":"Gl 1061"}}},"ContainerType":"StarSystem","ContainerGroupIdentifiers":{"Name":"GroupIdentifiers-ProgressionContainer","GroupIdentifiers":{"Stars":{"Name":"Stars","Identifiers":{"Bihar":"Star-00027"}}}},"Portals":[{"StarIdentifier":"StarSystem-00020","ERBridgeIdentifier":"ERBridge-00019","Position":{"x":0.0,"y":0.0,"z":0.0}},{"StarIdentifier":"StarSystem-00020","ERBridgeIdentifier":"ERBridge-00021","Position":{"x":0.0,"y":0.0,"z":0.0}}]},"StarSystem-00021":{"Identifier":"StarSystem-00021","ParentIdentifier":"Cluster-00002","Name":"Inne","BodyType":"StarSystem","Properties":{"AllProperties":{"Basic":{"Designation":"NN 3618"}}},"ContainerType":"StarSystem","ContainerGroupIdentifiers":{"Name":"GroupIdentifiers-ProgressionContainer","GroupIdentifiers":{"Stars":{"Name":"Stars","Identifiers":{"Inne's Star":"Star-00028"}}}},"Portals":[{"StarIdentifier":"StarSystem-00021","ERBridgeIdentifier":"ERBridge-00020","Position":{"x":0.0,"y":0.0,"z":0.0}}]},"StarSystem-00022":{"Identifier":"StarSystem-00022","ParentIdentifier":"Cluster-00003","Name":"Wolf's Den","BodyType":"StarSystem","Properties":{"AllProperties":{"Basic":{"Designation":"NN 3622"}}},"ContainerType":"StarSystem","ContainerGroupIdentifiers":{"Name":"GroupIdentifiers-ProgressionContainer","GroupIdentifiers":{"Stars":{"Name":"Stars","Identifiers":{"Wolf's Den":"Star-00029"}}}},"Portals":[{"StarIdentifier":"StarSystem-00022","ERBridgeIdentifier":"ERBridge-00022","Position":{"x":0.0,"y":0.0,"z":0.0}},{"StarIdentifier":"StarSystem-00022","ERBridgeIdentifier":"ERBridge-00057","Position":{"x":0.0,"y":0.0,"z":0.0}}]},"StarSystem-00023":{"Identifier":"StarSystem-00023","ParentIdentifier":"Cluster-00003","Name":"Andromeda","BodyType":"StarSystem","Properties":{"AllProperties":{"Basic":{"Designation":"Gl 15"}}},"ContainerType":"StarSystem","ContainerGroupIdentifiers":{"Name":"GroupIdentifiers-ProgressionContainer","GroupIdentifiers":{"Stars":{"Name":"Stars","Identifiers":{"Andomeda A":"Star-00030","Andromeda B":"Star-00031"}}}},"Portals":[{"StarIdentifier":"StarSystem-00023","ERBridgeIdentifier":"ERBridge-00031","Position":{"x":0.0,"y":0.0,"z":0.0}},{"StarIdentifier":"StarSystem-00023","ERBridgeIdentifier":"ERBridge-00032","Position":{"x":0.0,"y":0.0,"z":0.0}}]},"StarSystem-00024":{"Identifier":"StarSystem-00024","ParentIdentifier":"Cluster-00003","Name":"Sutter","BodyType":"StarSystem","Properties":{"AllProperties":{"Basic":{"Designation":"Gl 687"}}},"ContainerType":"StarSystem","ContainerGroupIdentifiers":{"Name":"GroupIdentifiers-ProgressionContainer","GroupIdentifiers":{"Stars":{"Name":"Stars","Identifiers":{"Sutter":"Star-00032"}}}},"Portals":[{"StarIdentifier":"StarSystem-00024","ERBridgeIdentifier":"ERBridge-00034","Position":{"x":0.0,"y":0.0,"z":0.0}}]},"StarSystem-00025":{"Identifier":"StarSystem-00025","ParentIdentifier":"Cluster-00003","Name":"Siera","BodyType":"StarSystem","Properties":{"AllProperties":{"Basic":{"Designation":"Gl 234"}}},"ContainerType":"StarSystem","ContainerGroupIdentifiers":{"Name":"GroupIdentifiers-ProgressionContainer","GroupIdentifiers":{"Stars":{"Name":"Stars","Identifiers":{"Bright":"Star-00033"}}}},"Portals":[{"StarIdentifier":"StarSystem-00025","ERBridgeIdentifier":"ERBridge-00022","Position":{"x":0.0,"y":0.0,"z":0.0}},{"StarIdentifier":"StarSystem-00025","ERBridgeIdentifier":"ERBridge-00023","Position":{"x":0.0,"y":0.0,"z":0.0}}]},"StarSystem-00026":{"Identifier":"StarSystem-00026","ParentIdentifier":"Cluster-00003","Name":"YZ Ceti","BodyType":"StarSystem","Properties":{"AllProperties":{"Basic":{"Designation":"Gl 54.1"}}},"ContainerType":"StarSystem","ContainerGroupIdentifiers":{"Name":"GroupIdentifiers-ProgressionContainer","GroupIdentifiers":{"Stars":{"Name":"Stars","Identifiers":{"YZ Ceti":"Star-00034"}}}},"Portals":[{"StarIdentifier":"StarSystem-00026","ERBridgeIdentifier":"ERBridge-00028","Position":{"x":0.0,"y":0.0,"z":0.0}},{"StarIdentifier":"StarSystem-00026","ERBridgeIdentifier":"ERBridge-00031","Position":{"x":0.0,"y":0.0,"z":0.0}}]},"StarSystem-00027":{"Identifier":"StarSystem-00027","ParentIdentifier":"Cluster-00003","Name":"Kercur","BodyType":"StarSystem","Properties":{"AllProperties":{"Basic":{"Designation":"GJ 3622"}}},"ContainerType":"StarSystem","ContainerGroupIdentifiers":{"Name":"GroupIdentifiers-ProgressionContainer","GroupIdentifiers":{"Stars":{"Name":"Stars","Identifiers":{"Kercur":"Star-00035"}}}},"Portals":[{"StarIdentifier":"StarSystem-00027","ERBridgeIdentifier":"ERBridge-00032","Position":{"x":0.0,"y":0.0,"z":0.0}},{"StarIdentifier":"StarSystem-00027","ERBridgeIdentifier":"ERBridge-00033","Position":{"x":0.0,"y":0.0,"z":0.0}}]},"StarSystem-00028":{"Identifier":"StarSystem-00028","ParentIdentifier":"Cluster-00003","Name":"Nuone","BodyType":"StarSystem","Properties":{"AllProperties":{"Basic":{"Designation":"Gl 1"}}},"ContainerType":"StarSystem","ContainerGroupIdentifiers":{"Name":"GroupIdentifiers-ProgressionContainer","GroupIdentifiers":{"Stars":{"Name":"Stars","Identifiers":{"Nuone":"Star-00036"}}}},"Portals":[{"StarIdentifier":"StarSystem-00028","ERBridgeIdentifier":"ERBridge-00030","Position":{"x":0.0,"y":0.0,"z":0.0}},{"StarIdentifier":"StarSystem-00028","ERBridgeIdentifier":"ERBridge-00033","Position":{"x":0.0,"y":0.0,"z":0.0}},{"StarIdentifier":"StarSystem-00028","ERBridgeIdentifier":"ERBridge-00034","Position":{"x":0.0,"y":0.0,"z":0.0}},{"StarIdentifier":"StarSystem-00028","ERBridgeIdentifier":"ERBridge-00035","Position":{"x":0.0,"y":0.0,"z":0.0}}]},"StarSystem-00029":{"Identifier":"StarSystem-00029","ParentIdentifier":"Cluster-00003","Name":"Leonis","BodyType":"StarSystem","Properties":{"AllProperties":{"Basic":{"Designation":"Gl 388"}}},"ContainerType":"StarSystem","ContainerGroupIdentifiers":{"Name":"GroupIdentifiers-ProgressionContainer","GroupIdentifiers":{"Stars":{"Name":"Stars","Identifiers":{"Leonis":"Star-00037"}}}},"Portals":[{"StarIdentifier":"StarSystem-00029","ERBridgeIdentifier":"ERBridge-00023","Position":{"x":0.0,"y":0.0,"z":0.0}},{"StarIdentifier":"StarSystem-00029","ERBridgeIdentifier":"ERBridge-00024","Position":{"x":0.0,"y":0.0,"z":0.0}},{"StarIdentifier":"StarSystem-00029","ERBridgeIdentifier":"ERBridge-00025","Position":{"x":0.0,"y":0.0,"z":0.0}}]},"StarSystem-00030":{"Identifier":"StarSystem-00030","ParentIdentifier":"Cluster-00003","Name":"Ophir","BodyType":"StarSystem","Properties":{"AllProperties":{"Basic":{"Designation":"SCR 1845"}}},"ContainerType":"StarSystem","ContainerGroupIdentifiers":{"Name":"GroupIdentifiers-ProgressionContainer","GroupIdentifiers":{"Stars":{"Name":"Stars","Identifiers":{"Red":"Star-00038"}}}},"Portals":[{"StarIdentifier":"StarSystem-00030","ERBridgeIdentifier":"ERBridge-00024","Position":{"x":0.0,"y":0.0,"z":0.0}}]},"StarSystem-00031":{"Identifier":"StarSystem-00031","ParentIdentifier":"Cluster-00003","Name":"Cancri","BodyType":"StarSystem","Properties":{"AllProperties":{"Basic":{"Designation":"GJ 1111"}}},"ContainerType":"StarSystem","ContainerGroupIdentifiers":{"Name":"GroupIdentifiers-ProgressionContainer","GroupIdentifiers":{"Stars":{"Name":"Stars","Identifiers":{"Cancri":"Star-00039"}}}},"Portals":[{"StarIdentifier":"StarSystem-00031","ERBridgeIdentifier":"ERBridge-00027","Position":{"x":0.0,"y":0.0,"z":0.0}},{"StarIdentifier":"StarSystem-00031","ERBridgeIdentifier":"ERBridge-00030","Position":{"x":0.0,"y":0.0,"z":0.0}}]},"StarSystem-00032":{"Identifier":"StarSystem-00032","ParentIdentifier":"Cluster-00003","Name":"Eureka","BodyType":"StarSystem","Properties":{"AllProperties":{"Basic":{"Designation":"Gl 440"}}},"ContainerType":"StarSystem","ContainerGroupIdentifiers":{"Name":"GroupIdentifiers-ProgressionContainer","GroupIdentifiers":{"Stars":{"Name":"Stars","Identifiers":{"Eureka":"Star-00040"}}}},"Portals":[{"StarIdentifier":"StarSystem-00032","ERBridgeIdentifier":"ERBridge-00029","Position":{"x":0.0,"y":0.0,"z":0.0}},{"StarIdentifier":"StarSystem-00032","ERBridgeIdentifier":"ERBridge-00035","Position":{"x":0.0,"y":0.0,"z":0.0}},{"StarIdentifier":"StarSystem-00032","ERBridgeIdentifier":"ERBridge-00036","Position":{"x":0.0,"y":0.0,"z":0.0}}]},"StarSystem-00033":{"Identifier":"StarSystem-00033","ParentIdentifier":"Cluster-00003","Name":"TeeGarden","BodyType":"StarSystem","Properties":{"AllProperties":{"Basic":{"Designation":"SO025300.5+165258"}}},"ContainerType":"StarSystem","ContainerGroupIdentifiers":{"Name":"GroupIdentifiers-ProgressionContainer","GroupIdentifiers":{"Stars":{"Name":"Stars","Identifiers":{"TeeGarden":"Star-00041"}}}},"Portals":[{"StarIdentifier":"StarSystem-00033","ERBridgeIdentifier":"ERBridge-00025","Position":{"x":0.0,"y":0.0,"z":0.0}},{"StarIdentifier":"StarSystem-00033","ERBridgeIdentifier":"ERBridge-00026","Position":{"x":0.0,"y":0.0,"z":0.0}},{"StarIdentifier":"StarSystem-00033","ERBridgeIdentifier":"ERBridge-00027","Position":{"x":0.0,"y":0.0,"z":0.0}}]},"StarSystem-00034":{"Identifier":"StarSystem-00034","ParentIdentifier":"Cluster-00003","Name":"Van Maanen","BodyType":"StarSystem","Properties":{"AllProperties":{"Basic":{"Designation":"Gl 35"}}},"ContainerType":"StarSystem","ContainerGroupIdentifiers":{"Name":"GroupIdentifiers-ProgressionContainer","GroupIdentifiers":{"Stars":{"Name":"Stars","Identifiers":{"Van Maanen":"Star-00042"}}}},"Portals":[{"StarIdentifier":"StarSystem-00034","ERBridgeIdentifier":"ERBridge-00026","Position":{"x":0.0,"y":0.0,"z":0.0}},{"StarIdentifier":"StarSystem-00034","ERBridgeIdentifier":"ERBridge-00028","Position":{"x":0.0,"y":0.0,"z":0.0}},{"StarIdentifier":"StarSystem-00034","ERBridgeIdentifier":"ERBridge-00029","Position":{"x":0.0,"y":0.0,"z":0.0}},{"StarIdentifier":"StarSystem-00034","ERBridgeIdentifier":"ERBridge-00059","Position":{"x":0.0,"y":0.0,"z":0.0}}]},"StarSystem-00035":{"Identifier":"StarSystem-00035","ParentIdentifier":"Cluster-00003","Name":"Knob","BodyType":"StarSystem","Properties":{"AllProperties":{"Basic":{"Designation":"UGPS 0722-05"}}},"ContainerType":"StarSystem","ContainerGroupIdentifiers":{"Name":"GroupIdentifiers-ProgressionContainer","GroupIdentifiers":{"Stars":{"Name":"Stars","Identifiers":{"Ross":"Star-00043"}}}},"Portals":[{"StarIdentifier":"StarSystem-00035","ERBridgeIdentifier":"ERBridge-00036","Position":{"x":0.0,"y":0.0,"z":0.0}}]},"StarSystem-00036":{"Identifier":"StarSystem-00036","ParentIdentifier":"Cluster-00004","Name":"Cygni","BodyType":"StarSystem","Properties":{"AllProperties":{"Basic":{"Designation":"Gl 820"}}},"ContainerType":"StarSystem","ContainerGroupIdentifiers":{"Name":"GroupIdentifiers-ProgressionContainer","GroupIdentifiers":{"Stars":{"Name":"Stars","Identifiers":{"Bradley":"Star-00044","Paizzi":"Star-00045"}}}},"Portals":[{"StarIdentifier":"StarSystem-00036","ERBridgeIdentifier":"ERBridge-00037","Position":{"x":0.0,"y":0.0,"z":0.0}},{"StarIdentifier":"StarSystem-00036","ERBridgeIdentifier":"ERBridge-00038","Position":{"x":0.0,"y":0.0,"z":0.0}},{"StarIdentifier":"StarSystem-00036","ERBridgeIdentifier":"ERBridge-00060","Position":{"x":0.0,"y":0.0,"z":0.0}}]},"StarSystem-00037":{"Identifier":"StarSystem-00037","ParentIdentifier":"Cluster-00004","Name":"Epsilon Indi","BodyType":"StarSystem","Properties":{"AllProperties":{"Basic":{"Designation":"Gl 845"}}},"ContainerType":"StarSystem","ContainerGroupIdentifiers":{"Name":"GroupIdentifiers-ProgressionContainer","GroupIdentifiers":{"Stars":{"Name":"Stars","Identifiers":{"Indus":"Star-00046","Ghaggar":"Star-00047","Hakra":"Star-00048"}}}},"Portals":[{"StarIdentifier":"StarSystem-00037","ERBridgeIdentifier":"ERBridge-00037","Position":{"x":0.0,"y":0.0,"z":0.0}},{"StarIdentifier":"StarSystem-00037","ERBridgeIdentifier":"ERBridge-00039","Position":{"x":0.0,"y":0.0,"z":0.0}}]},"StarSystem-00038":{"Identifier":"StarSystem-00038","ParentIdentifier":"Cluster-00004","Name":"Arietis","BodyType":"StarSystem","Properties":{"AllProperties":{"Basic":{"Designation":"Gl 83"}}},"ContainerType":"StarSystem","ContainerGroupIdentifiers":{"Name":"GroupIdentifiers-ProgressionContainer","GroupIdentifiers":{"Stars":{"Name":"Stars","Identifiers":{"Arietis":"Star-00049"}}}},"Portals":[{"StarIdentifier":"StarSystem-00038","ERBridgeIdentifier":"ERBridge-00038","Position":{"x":0.0,"y":0.0,"z":0.0}},{"StarIdentifier":"StarSystem-00038","ERBridgeIdentifier":"ERBridge-00041","Position":{"x":0.0,"y":0.0,"z":0.0}},{"StarIdentifier":"StarSystem-00038","ERBridgeIdentifier":"ERBridge-00042","Position":{"x":0.0,"y":0.0,"z":0.0}}]},"StarSystem-00039":{"Identifier":"StarSystem-00039","ParentIdentifier":"Cluster-00004","Name":"Flare","BodyType":"StarSystem","Properties":{"AllProperties":{"Basic":{"Designation":"DEN 1048-3956"}}},"ContainerType":"StarSystem","ContainerGroupIdentifiers":{"Name":"GroupIdentifiers-ProgressionContainer","GroupIdentifiers":{"Stars":{"Name":"Stars","Identifiers":{"Flare":"Star-00050"}}}},"Portals":[{"StarIdentifier":"StarSystem-00039","ERBridgeIdentifier":"ERBridge-00039","Position":{"x":0.0,"y":0.0,"z":0.0}},{"StarIdentifier":"StarSystem-00039","ERBridgeIdentifier":"ERBridge-00040","Position":{"x":0.0,"y":0.0,"z":0.0}},{"StarIdentifier":"StarSystem-00039","ERBridgeIdentifier":"ERBridge-00043","Position":{"x":0.0,"y":0.0,"z":0.0}}]},"StarSystem-00040":{"Identifier":"StarSystem-00040","ParentIdentifier":"Cluster-00004","Name":"Demic","BodyType":"StarSystem","Properties":{"AllProperties":{"Basic":{"Designation":"Gl 412"}}},"ContainerType":"StarSystem","ContainerGroupIdentifiers":{"Name":"GroupIdentifiers-ProgressionContainer","GroupIdentifiers":{"Stars":{"Name":"Stars","Identifiers":{"Demic":"Star-00051"}}}},"Portals":[{"StarIdentifier":"StarSystem-00040","ERBridgeIdentifier":"ERBridge-00041","Position":{"x":0.0,"y":0.0,"z":0.0}},{"StarIdentifier":"StarSystem-00040","ERBridgeIdentifier":"ERBridge-00043","Position":{"x":0.0,"y":0.0,"z":0.0}},{"StarIdentifier":"StarSystem-00040","ERBridgeIdentifier":"ERBridge-00044","Position":{"x":0.0,"y":0.0,"z":0.0}},{"StarIdentifier":"StarSystem-00040","ERBridgeIdentifier":"ERBridge-00045","Position":{"x":0.0,"y":0.0,"z":0.0}}]},"StarSystem-00041":{"Identifier":"StarSystem-00041","ParentIdentifier":"Cluster-00004","Name":"Lapis","BodyType":"StarSystem","Properties":{"AllProperties":{"Basic":{"Designation":"Gl 628"}}},"ContainerType":"StarSystem","ContainerGroupIdentifiers":{"Name":"GroupIdentifiers-ProgressionContainer","GroupIdentifiers":{"Stars":{"Name":"Stars","Identifiers":{"Lapis":"Star-00052"}}}},"Portals":[{"StarIdentifier":"StarSystem-00041","ERBridgeIdentifier":"ERBridge-00040","Position":{"x":0.0,"y":0.0,"z":0.0}},{"StarIdentifier":"StarSystem-00041","ERBridgeIdentifier":"ERBridge-00042","Position":{"x":0.0,"y":0.0,"z":0.0}}]},"StarSystem-00042":{"Identifier":"StarSystem-00042","ParentIdentifier":"Cluster-00004","Name":"Banawali","BodyType":"StarSystem","Properties":{"AllProperties":{"Basic":{"Designation":"Gl 876"}}},"ContainerType":"StarSystem","ContainerGroupIdentifiers":{"Name":"GroupIdentifiers-ProgressionContainer","GroupIdentifiers":{"Stars":{"Name":"Stars","Identifiers":{"Banawali":"Star-00053"}}}},"Portals":[{"StarIdentifier":"StarSystem-00042","ERBridgeIdentifier":"ERBridge-00044","Position":{"x":0.0,"y":0.0,"z":0.0}}]},"StarSystem-00043":{"Identifier":"StarSystem-00043","ParentIdentifier":"Cluster-00004","Name":"Rudra","BodyType":"StarSystem","Properties":{"AllProperties":{"Basic":{"Designation":"GJ 1245"}}},"ContainerType":"StarSystem","ContainerGroupIdentifiers":{"Name":"GroupIdentifiers-ProgressionContainer","GroupIdentifiers":{"Stars":{"Name":"Stars","Identifiers":{"Rudra":"Star-00054","Pashupati":"Star-00055"}}}},"Portals":[{"StarIdentifier":"StarSystem-00043","ERBridgeIdentifier":"ERBridge-00045","Position":{"x":0.0,"y":0.0,"z":0.0}},{"StarIdentifier":"StarSystem-00043","ERBridgeIdentifier":"ERBridge-00061","Position":{"x":0.0,"y":0.0,"z":0.0}}]},"StarSystem-00044":{"Identifier":"StarSystem-00044","ParentIdentifier":"Cluster-00005","Name":"Altair","BodyType":"StarSystem","Properties":{"AllProperties":{"Basic":{"Designation":"Gl 768"}}},"ContainerType":"StarSystem","ContainerGroupIdentifiers":{"Name":"GroupIdentifiers-ProgressionContainer","GroupIdentifiers":{"Stars":{"Name":"Stars","Identifiers":{"Altaira":"Star-00056"}}}},"Portals":[{"StarIdentifier":"StarSystem-00044","ERBridgeIdentifier":"ERBridge-00046","Position":{"x":0.0,"y":0.0,"z":0.0}},{"StarIdentifier":"StarSystem-00044","ERBridgeIdentifier":"ERBridge-00047","Position":{"x":0.0,"y":0.0,"z":0.0}},{"StarIdentifier":"StarSystem-00044","ERBridgeIdentifier":"ERBridge-00048","Position":{"x":0.0,"y":0.0,"z":0.0}},{"StarIdentifier":"StarSystem-00044","ERBridgeIdentifier":"ERBridge-00049","Position":{"x":0.0,"y":0.0,"z":0.0}},{"StarIdentifier":"StarSystem-00044","ERBridgeIdentifier":"ERBridge-00061","Position":{"x":0.0,"y":0.0,"z":0.0}}]},"StarSystem-00045":{"Identifier":"StarSystem-00045","ParentIdentifier":"Cluster-00005","Name":"Krell","BodyType":"StarSystem","Properties":{"AllProperties":{"Basic":{"Designation":"Gl 702"}}},"ContainerType":"StarSystem","ContainerGroupIdentifiers":{"Name":"GroupIdentifiers-ProgressionContainer","GroupIdentifiers":{"Stars":{"Name":"Stars","Identifiers":{"Krell":"Star-00057","Robby":"Star-00058"}}}},"Portals":[{"StarIdentifier":"StarSystem-00045","ERBridgeIdentifier":"ERBridge-00046","Position":{"x":0.0,"y":0.0,"z":0.0}},{"StarIdentifier":"StarSystem-00045","ERBridgeIdentifier":"ERBridge-00050","Position":{"x":0.0,"y":0.0,"z":0.0}},{"StarIdentifier":"StarSystem-00045","ERBridgeIdentifier":"ERBridge-00051","Position":{"x":0.0,"y":0.0,"z":0.0}}]},"StarSystem-00046":{"Identifier":"StarSystem-00046","ParentIdentifier":"Cluster-00005","Name":"Mobius","BodyType":"StarSystem","Properties":{"AllProperties":{"Basic":{"Designation":"GJ 1116"}}},"ContainerType":"StarSystem","ContainerGroupIdentifiers":{"Name":"GroupIdentifiers-ProgressionContainer","GroupIdentifiers":{"Stars":{"Name":"Stars","Identifiers":{"Mobius":"Star-00059","Pidgeon":"Star-00060"}}}},"Portals":[{"StarIdentifier":"StarSystem-00046","ERBridgeIdentifier":"ERBridge-00047","Position":{"x":0.0,"y":0.0,"z":0.0}},{"StarIdentifier":"StarSystem-00046","ERBridgeIdentifier":"ERBridge-00052","Position":{"x":0.0,"y":0.0,"z":0.0}},{"StarIdentifier":"StarSystem-00046","ERBridgeIdentifier":"ERBridge-00053","Position":{"x":0.0,"y":0.0,"z":0.0}},{"StarIdentifier":"StarSystem-00046","ERBridgeIdentifier":"ERBridge-00054","Position":{"x":0.0,"y":0.0,"z":0.0}}]},"StarSystem-00047":{"Identifier":"StarSystem-00047","ParentIdentifier":"Cluster-00005","Name":"Bellerophon","BodyType":"StarSystem","Properties":{"AllProperties":{"Basic":{"Designation":"Gl 205"}}},"ContainerType":"StarSystem","ContainerGroupIdentifiers":{"Name":"GroupIdentifiers-ProgressionContainer","GroupIdentifiers":{"Stars":{"Name":"Stars","Identifiers":{"Bellerophon":"Star-00061"}}}},"Portals":[{"StarIdentifier":"StarSystem-00047","ERBridgeIdentifier":"ERBridge-00048","Position":{"x":0.0,"y":0.0,"z":0.0}},{"StarIdentifier":"StarSystem-00047","ERBridgeIdentifier":"ERBridge-00052","Position":{"x":0.0,"y":0.0,"z":0.0}},{"StarIdentifier":"StarSystem-00047","ERBridgeIdentifier":"ERBridge-00055","Position":{"x":0.0,"y":0.0,"z":0.0}}]},"StarSystem-00048":{"Identifier":"StarSystem-00048","ParentIdentifier":"Cluster-00005","Name":"Id","BodyType":"StarSystem","Properties":{"AllProperties":{"Basic":{"Designation":"Gl 445"}}},"ContainerType":"StarSystem","ContainerGroupIdentifiers":{"Name":"GroupIdentifiers-ProgressionContainer","GroupIdentifiers":{"Stars":{"Name":"Stars","Identifiers":{"Id":"Star-00062"}}}},"Portals":[{"StarIdentifier":"StarSystem-00048","ERBridgeIdentifier":"ERBridge-00050","Position":{"x":0.0,"y":0.0,"z":0.0}},{"StarIdentifier":"StarSystem-00048","ERBridgeIdentifier":"ERBridge-00053","Position":{"x":0.0,"y":0.0,"z":0.0}}]},"StarSystem-00049":{"Identifier":"StarSystem-00049","ParentIdentifier":"Cluster-00005","Name":"Adams","BodyType":"StarSystem","Properties":{"AllProperties":{"Basic":{"Designation":"Gl 251"}}},"ContainerType":"StarSystem","ContainerGroupIdentifiers":{"Name":"GroupIdentifiers-ProgressionContainer","GroupIdentifiers":{"Stars":{"Name":"Stars","Identifiers":{"Adams":"Star-00063"}}}},"Portals":[{"StarIdentifier":"StarSystem-00049","ERBridgeIdentifier":"ERBridge-00049","Position":{"x":0.0,"y":0.0,"z":0.0}},{"StarIdentifier":"StarSystem-00049","ERBridgeIdentifier":"ERBridge-00054","Position":{"x":0.0,"y":0.0,"z":0.0}}]},"StarSystem-00050":{"Identifier":"StarSystem-00050","ParentIdentifier":"Cluster-00005","Name":"Lacerta","BodyType":"StarSystem","Properties":{"AllProperties":{"Basic":{"Designation":"Gl 873"}}},"ContainerType":"StarSystem","ContainerGroupIdentifiers":{"Name":"GroupIdentifiers-ProgressionContainer","GroupIdentifiers":{"Stars":{"Name":"Stars","Identifiers":{"Lacerta":"Star-00064"}}}},"Portals":[{"StarIdentifier":"StarSystem-00050","ERBridgeIdentifier":"ERBridge-00055","Position":{"x":0.0,"y":0.0,"z":0.0}},{"StarIdentifier":"StarSystem-00050","ERBridgeIdentifier":"ERBridge-00056","Position":{"x":0.0,"y":0.0,"z":0.0}}]},"StarSystem-00051":{"Identifier":"StarSystem-00051","ParentIdentifier":"Cluster-00005","Name":"Gateway","BodyType":"StarSystem","Properties":{"AllProperties":{"Basic":{"Designation":"Gl 693"}}},"ContainerType":"StarSystem","ContainerGroupIdentifiers":{"Name":"GroupIdentifiers-ProgressionContainer","GroupIdentifiers":{"Stars":{"Name":"Stars","Identifiers":{"Lacerta":"Star-00065"}}}},"Portals":[{"StarIdentifier":"StarSystem-00051","ERBridgeIdentifier":"ERBridge-00056","Position":{"x":0.0,"y":0.0,"z":0.0}}]},"StarSystem-00052":{"Identifier":"StarSystem-00052","ParentIdentifier":"Cluster-00005","Name":"Omicron","BodyType":"StarSystem","Properties":{"AllProperties":{"Basic":{"Designation":"Gl 166"}}},"ContainerType":"StarSystem","ContainerGroupIdentifiers":{"Name":"GroupIdentifiers-ProgressionContainer","GroupIdentifiers":{"Stars":{"Name":"Stars","Identifiers":{"Keid":"Star-00066","Little White":"Star-00067","Little Red":"Star-00068"}}}},"Portals":[{"StarIdentifier":"StarSystem-00052","ERBridgeIdentifier":"ERBridge-00051","Position":{"x":0.0,"y":0.0,"z":0.0}}]}}