{"Star-00001":{"Identifier":"Star-00001","ParentIdentifier":"StarSystem-00001","Name":"Sun","BodyType":"Star","AllGroupProperties":{"Basic":{"Name":"Basic","Properties":{"Designation":"Sol","StellarClass":"G2V"}},"Catalogue":{"Name":"Catalogue","Properties":{"HabHyg":"0","Hip":"0"}}},"StarGroupIdentifiers":{"Name":"GroupIdentifiers-ProgressionStar","GroupIdentifiers":{"Planets":{"Name":"Planets","Identifiers":{"Mercury":"Planet-00001","Venus":"Planet-00002","Earth":"Planet-00003","Mars":"Planet-00004","Jupiter":"Planet-00005","Saturn":"Planet-00006","Uranus":"Planet-00007","Neptune":"Planet-00008","Pluto":"Planet-00009"}},"Asteroids":{"Name":"Asteroids","Identifiers":{"Ceres":"Asteroid-00001","Pallas":"Asteroid-00002","Juno":"Asteroid-00003"}},"Comets":{"Name":"Comets","Identifiers":{"Haley's":"Comet-00001","Caeser's":"Comet-00002"}},"Habitats":{"Name":"Habitats","Identifiers":{"Ceres Station":"Habitat-00003"}}}}},"Star-00002":{"Identifier":"Star-00002","ParentIdentifier":"StarSystem-00002","Name":"Bernard's Star","BodyType":"Star","AllGroupProperties":{"Basic":{"Name":"Basic","Properties":{"Designation":"Gl 699","StellarClass":"sdM4"}},"Catalogue":{"Name":"Catalogue","Properties":{"HabHyg":"4","Hip":"87937"}}},"StarGroupIdentifiers":{"Name":"GroupIdentifiers-ProgressionStar","GroupIdentifiers":{}}},"Star-00003":{"Identifier":"Star-00003","ParentIdentifier":"StarSystem-00003","Name":"Sirius","BodyType":"Star","AllGroupProperties":{"Basic":{"Name":"Basic","Properties":{"Designation":"Gl 244","StellarClass":"A0mA1Va"}},"Catalogue":{"Name":"Catalogue","Properties":{"HabHyg":"10","Hip":"32349"}}},"StarGroupIdentifiers":{"Name":"GroupIdentifiers-ProgressionStar","GroupIdentifiers":{}}},"Star-00004":{"Identifier":"Star-00004","ParentIdentifier":"StarSystem-00004","Name":"Luyten's Star","BodyType":"Star","AllGroupProperties":{"Basic":{"Name":"Basic","Properties":{"Designation":"Gl 273","StellarClass":"M5"}},"Catalogue":{"Name":"Catalogue","Properties":{"HabHyg":"28","Hip":"36208"}}},"StarGroupIdentifiers":{"Name":"GroupIdentifiers-ProgressionStar","GroupIdentifiers":{}}},"Star-00005":{"Identifier":"Star-00005","ParentIdentifier":"StarSystem-00005","Name":"Procyon","BodyType":"Star","AllGroupProperties":{"Basic":{"Name":"Basic","Properties":{"Designation":"Gl 280","StellarClass":"F5IV-V"}},"Catalogue":{"Name":"Catalogue","Properties":{"HabHyg":"18","Hip":"37279"}}},"StarGroupIdentifiers":{"Name":"GroupIdentifiers-ProgressionStar","GroupIdentifiers":{}}},"Star-00006":{"Identifier":"Star-00006","ParentIdentifier":"StarSystem-00006","Name":"Lalande","BodyType":"Star","AllGroupProperties":{"Basic":{"Name":"Basic","Properties":{"Designation":"Gl 411","StellarClass":"M2V"}},"Catalogue":{"Name":"Catalogue","Properties":{"HabHyg":"6","Hip":"54035"}}},"StarGroupIdentifiers":{"Name":"GroupIdentifiers-ProgressionStar","GroupIdentifiers":{}}},"Star-00007":{"Identifier":"Star-00007","ParentIdentifier":"StarSystem-00007","Name":"Epsilon Eridani","BodyType":"Star","AllGroupProperties":{"Basic":{"Name":"Basic","Properties":{"Designation":"Gl 144","StellarClass":"K2V"}},"Catalogue":{"Name":"Catalogue","Properties":{"HabHyg":"13","Hip":"16537"}}},"StarGroupIdentifiers":{"Name":"GroupIdentifiers-ProgressionStar","GroupIdentifiers":{}}},"Star-00008":{"Identifier":"Star-00008","ParentIdentifier":"StarSystem-00008","Name":"Pocks","BodyType":"Star","AllGroupProperties":{"Basic":{"Name":"Basic","Properties":{"Designation":"Gl 447/Ross 128","StellarClass":"M4.5V"}},"Catalogue":{"Name":"Catalogue","Properties":{"HabHyg":"14","Hip":"57548"}}},"StarGroupIdentifiers":{"Name":"GroupIdentifiers-ProgressionStar","GroupIdentifiers":{}}},"Star-00009":{"Identifier":"Star-00009","ParentIdentifier":"StarSystem-00009","Name":"Alvin","BodyType":"Star","AllGroupProperties":{"Basic":{"Name":"Basic","Properties":{"Designation":"Gl 866 A","StellarClass":"M5VJ"}},"Catalogue":{"Name":"Catalogue","Properties":{"HabHyg":"16","Hip":"-1"}}},"StarGroupIdentifiers":{"Name":"GroupIdentifiers-ProgressionStar","GroupIdentifiers":{}}},"Star-00010":{"Identifier":"Star-00010","ParentIdentifier":"StarSystem-00009","Name":"Bruce","BodyType":"Star","AllGroupProperties":{"Basic":{"Name":"Basic","Properties":{"Designation":"Gl 866 B","StellarClass":"M"}},"Catalogue":{"Name":"Catalogue","Properties":{"HabHyg":"16","Hip":"-1"}}},"StarGroupIdentifiers":{"Name":"GroupIdentifiers-ProgressionStar","GroupIdentifiers":{}}},"Star-00011":{"Identifier":"Star-00011","ParentIdentifier":"StarSystem-00009","Name":"Calvin","BodyType":"Star","AllGroupProperties":{"Basic":{"Name":"Basic","Properties":{"Designation":"Gl 866 C","StellarClass":"M"}},"Catalogue":{"Name":"Catalogue","Properties":{"HabHyg":"16","Hip":"-1"}}},"StarGroupIdentifiers":{"Name":"GroupIdentifiers-ProgressionStar","GroupIdentifiers":{}}},"Star-00012":{"Identifier":"Star-00012","ParentIdentifier":"StarSystem-00010","Name":"Wolf","BodyType":"Star","AllGroupProperties":{"Basic":{"Name":"Basic","Properties":{"Designation":"Gl 406","StellarClass":"M6"}},"Catalogue":{"Name":"Catalogue","Properties":{"HabHyg":"5","Hip":"-1"}}},"StarGroupIdentifiers":{"Name":"GroupIdentifiers-ProgressionStar","GroupIdentifiers":{}}},"Star-00013":{"Identifier":"Star-00013","ParentIdentifier":"StarSystem-00011","Name":"BL","BodyType":"Star","AllGroupProperties":{"Basic":{"Name":"Basic","Properties":{"Designation":"Gl 65 A","StellarClass":"dM5.5V"}},"Catalogue":{"Name":"Catalogue","Properties":{"HabHyg":"7","Hip":"-1"}}},"StarGroupIdentifiers":{"Name":"GroupIdentifiers-ProgressionStar","GroupIdentifiers":{}}},"Star-00014":{"Identifier":"Star-00014","ParentIdentifier":"StarSystem-00011","Name":"UV","BodyType":"Star","AllGroupProperties":{"Basic":{"Name":"Basic","Properties":{"Designation":"Gl 65 B","StellarClass":"dM5.5V"}},"Catalogue":{"Name":"Catalogue","Properties":{"HabHyg":"7","Hip":"-1"}}},"StarGroupIdentifiers":{"Name":"GroupIdentifiers-ProgressionStar","GroupIdentifiers":{}}},"Star-00015":{"Identifier":"Star-00015","ParentIdentifier":"StarSystem-00012","Name":"Alpha","BodyType":"Star","AllGroupProperties":{"Basic":{"Name":"Basic","Properties":{"Designation":"Gl 559 A","StellarClass":"G2V"}},"Catalogue":{"Name":"Catalogue","Properties":{"HabHyg":"3","Hip":"71863"}}},"StarGroupIdentifiers":{"Name":"GroupIdentifiers-ProgressionStar","GroupIdentifiers":{}}},"Star-00016":{"Identifier":"Star-00016","ParentIdentifier":"StarSystem-00012","Name":"Beta","BodyType":"Star","AllGroupProperties":{"Basic":{"Name":"Basic","Properties":{"Designation":"Gl 559 B","StellarClass":"K1V"}},"Catalogue":{"Name":"Catalogue","Properties":{"HabHyg":"2","Hip":"71861"}}},"StarGroupIdentifiers":{"Name":"GroupIdentifiers-ProgressionStar","GroupIdentifiers":{}}},"Star-00017":{"Identifier":"Star-00017","ParentIdentifier":"StarSystem-00012","Name":"Proxima","BodyType":"Star","AllGroupProperties":{"Basic":{"Name":"Basic","Properties":{"Designation":"Gl 551","StellarClass":"M5Ve"}},"Catalogue":{"Name":"Catalogue","Properties":{"HabHyg":"1","Hip":"70890"}}},"StarGroupIdentifiers":{"Name":"GroupIdentifiers-ProgressionStar","GroupIdentifiers":{}}},"Star-00018":{"Identifier":"Star-00018","ParentIdentifier":"StarSystem-00013","Name":"Tau Ceti","BodyType":"Star","AllGroupProperties":{"Basic":{"Name":"Basic","Properties":{"Designation":"Gl 71","StellarClass":"G8V"}},"Catalogue":{"Name":"Catalogue","Properties":{"HabHyg":"25","Hip":"8102"}}},"StarGroupIdentifiers":{"Name":"GroupIdentifiers-ProgressionStar","GroupIdentifiers":{}}},"Star-00019":{"Identifier":"Star-00019","ParentIdentifier":"StarSystem-00014","Name":"Groombridge","BodyType":"Star","AllGroupProperties":{"Basic":{"Name":"Basic","Properties":{"Designation":"Gl 380","StellarClass":"K8V"}},"Catalogue":{"Name":"Catalogue","Properties":{"HabHyg":"59","Hip":"49908"}}},"StarGroupIdentifiers":{"Name":"GroupIdentifiers-ProgressionStar","GroupIdentifiers":{}}},"Star-00020":{"Identifier":"Star-00020","ParentIdentifier":"StarSystem-00015","Name":"Kruger","BodyType":"Star","AllGroupProperties":{"Basic":{"Name":"Basic","Properties":{"Designation":"Gl 860 A","StellarClass":"M2V"}},"Catalogue":{"Name":"Catalogue","Properties":{"HabHyg":"32","Hip":"110893"}}},"StarGroupIdentifiers":{"Name":"GroupIdentifiers-ProgressionStar","GroupIdentifiers":{}}},"Star-00021":{"Identifier":"Star-00021","ParentIdentifier":"StarSystem-00016","Name":"Lacaille","BodyType":"Star","AllGroupProperties":{"Basic":{"Name":"Basic","Properties":{"Designation":"Gl 825","StellarClass":"M1/M2V"}},"Catalogue":{"Name":"Catalogue","Properties":{"HabHyg":"30","Hip":"105090"}}},"StarGroupIdentifiers":{"Name":"GroupIdentifiers-ProgressionStar","GroupIdentifiers":{}}},"Star-00022":{"Identifier":"Star-00022","ParentIdentifier":"StarSystem-00017","Name":"Gleine","BodyType":"Star","AllGroupProperties":{"Basic":{"Name":"Basic","Properties":{"Designation":"Gl 725","StellarClass":"M3"}},"Catalogue":{"Name":"Catalogue","Properties":{"HabHyg":"26","Hip":"91768"}}},"StarGroupIdentifiers":{"Name":"GroupIdentifiers-ProgressionStar","GroupIdentifiers":{}}},"Star-00023":{"Identifier":"Star-00023","ParentIdentifier":"StarSystem-00017","Name":"Struve","BodyType":"Star","AllGroupProperties":{"Basic":{"Name":"Basic","Properties":{"Designation":"Gl 725 B","StellarClass":"M3.5"}},"Catalogue":{"Name":"Catalogue","Properties":{"HabHyg":"19","Hip":"91772"}}},"StarGroupIdentifiers":{"Name":"GroupIdentifiers-ProgressionStar","GroupIdentifiers":{}}},"Star-00024":{"Identifier":"Star-00024","ParentIdentifier":"StarSystem-00018","Name":"Kapteyn's Star","BodyType":"Star","AllGroupProperties":{"Basic":{"Name":"Basic","Properties":{"Designation":"Gl 191","StellarClass":"M0V"}},"Catalogue":{"Name":"Catalogue","Properties":{"HabHyg":"29","Hip":"24186"}}},"StarGroupIdentifiers":{"Name":"GroupIdentifiers-ProgressionStar","GroupIdentifiers":{}}},"Star-00025":{"Identifier":"Star-00025","ParentIdentifier":"StarSystem-00019","Name":"Vista","BodyType":"Star","AllGroupProperties":{"Basic":{"Name":"Basic","Properties":{"Designation":"Gl 473 A","StellarClass":"M5.5eJ"}},"Catalogue":{"Name":"Catalogue","Properties":{"HabHyg":"36","Hip":"-1"}}},"StarGroupIdentifiers":{"Name":"GroupIdentifiers-ProgressionStar","GroupIdentifiers":{}}},"Star-00026":{"Identifier":"Star-00026","ParentIdentifier":"StarSystem-00019","Name":"Point","BodyType":"Star","AllGroupProperties":{"Basic":{"Name":"Basic","Properties":{"Designation":"Gl 473 B","StellarClass":"M7"}},"Catalogue":{"Name":"Catalogue","Properties":{"HabHyg":"37","Hip":"-1"}}},"StarGroupIdentifiers":{"Name":"GroupIdentifiers-ProgressionStar","GroupIdentifiers":{}}},"Star-00027":{"Identifier":"Star-00027","ParentIdentifier":"StarSystem-00020","Name":"Bihar","BodyType":"Star","AllGroupProperties":{"Basic":{"Name":"Basic","Properties":{"Designation":"GJ 1061","StellarClass":"M4.5"}},"Catalogue":{"Name":"Catalogue","Properties":{"HabHyg":"35","Hip":"-1"}}},"StarGroupIdentifiers":{"Name":"GroupIdentifiers-ProgressionStar","GroupIdentifiers":{}}},"Star-00028":{"Identifier":"Star-00028","ParentIdentifier":"StarSystem-00021","Name":"Inne's Star","BodyType":"Star","AllGroupProperties":{"Basic":{"Name":"Basic","Properties":{"Designation":"NN 3618","StellarClass":"M5V"}},"Catalogue":{"Name":"Catalogue","Properties":{"HabHyg":"45","Hip":"-1"}}},"StarGroupIdentifiers":{"Name":"GroupIdentifiers-ProgressionStar","GroupIdentifiers":{}}},"Star-00029":{"Identifier":"Star-00029","ParentIdentifier":"StarSystem-00022","Name":"Wolf's Den","BodyType":"Star","AllGroupProperties":{"Basic":{"Name":"Basic","Properties":{"Designation":"NN 3622","StellarClass":"M6.5"}},"Catalogue":{"Name":"Catalogue","Properties":{"HabHyg":"46","Hip":"0"}}},"StarGroupIdentifiers":{"Name":"GroupIdentifiers-ProgressionStar","GroupIdentifiers":{}}},"Star-00030":{"Identifier":"Star-00030","ParentIdentifier":"StarSystem-00023","Name":"Andomeda A","BodyType":"Star","AllGroupProperties":{"Basic":{"Name":"Basic","Properties":{"Designation":"Gl 15 A","StellarClass":"M1V"}},"Catalogue":{"Name":"Catalogue","Properties":{"HabHyg":"24","Hip":"1475"}}},"StarGroupIdentifiers":{"Name":"GroupIdentifiers-ProgressionStar","GroupIdentifiers":{}}},"Star-00031":{"Identifier":"Star-00031","ParentIdentifier":"StarSystem-00023","Name":"Andromeda B","BodyType":"Star","AllGroupProperties":{"Basic":{"Name":"Basic","Properties":{"Designation":"Gl 15 B","StellarClass":"M6Ve"}},"Catalogue":{"Name":"Catalogue","Properties":{"HabHyg":"22","Hip":"-1"}}},"StarGroupIdentifiers":{"Name":"GroupIdentifiers-ProgressionStar","GroupIdentifiers":{}}},"Star-00032":{"Identifier":"Star-00032","ParentIdentifier":"StarSystem-00024","Name":"Sutter","BodyType":"Star","AllGroupProperties":{"Basic":{"Name":"Basic","Properties":{"Designation":"Gl 687","StellarClass":"M3.5V"}},"Catalogue":{"Name":"Catalogue","Properties":{"HabHyg":"49","Hip":"86162"}}},"StarGroupIdentifiers":{"Name":"GroupIdentifiers-ProgressionStar","GroupIdentifiers":{}}},"Star-00033":{"Identifier":"Star-00033","ParentIdentifier":"StarSystem-00025","Name":"Bright","BodyType":"Star","AllGroupProperties":{"Basic":{"Name":"Basic","Properties":{"Designation":"Gl 234 A","StellarClass":"M4.5Ve"}},"Catalogue":{"Name":"Catalogue","Properties":{"HabHyg":"34","Hip":"30920"}}},"StarGroupIdentifiers":{"Name":"GroupIdentifiers-ProgressionStar","GroupIdentifiers":{}}},"Star-00034":{"Identifier":"Star-00034","ParentIdentifier":"StarSystem-00026","Name":"YZ Ceti","BodyType":"Star","AllGroupProperties":{"Basic":{"Name":"Basic","Properties":{"Designation":"Gl 54.1","StellarClass":"M4.5"}},"Catalogue":{"Name":"Catalogue","Properties":{"HabHyg":"-1","Hip":"-1"}}},"StarGroupIdentifiers":{"Name":"GroupIdentifiers-ProgressionStar","GroupIdentifiers":{}}},"Star-00035":{"Identifier":"Star-00035","ParentIdentifier":"StarSystem-00027","Name":"Kercur","BodyType":"Star","AllGroupProperties":{"Basic":{"Name":"Basic","Properties":{"Designation":"GJ 3622","StellarClass":"M6.5"}},"Catalogue":{"Name":"Catalogue","Properties":{"HabHyg":"-1","Hip":"-1"}}},"StarGroupIdentifiers":{"Name":"GroupIdentifiers-ProgressionStar","GroupIdentifiers":{}}},"Star-00036":{"Identifier":"Star-00036","ParentIdentifier":"StarSystem-00028","Name":"Nuone","BodyType":"Star","AllGroupProperties":{"Basic":{"Name":"Basic","Properties":{"Designation":"Gl 1","StellarClass":"M2V"}},"Catalogue":{"Name":"Catalogue","Properties":{"HabHyg":"40","Hip":"439"}}},"StarGroupIdentifiers":{"Name":"GroupIdentifiers-ProgressionStar","GroupIdentifiers":{}}},"Star-00037":{"Identifier":"Star-00037","ParentIdentifier":"StarSystem-00029","Name":"Leonis","BodyType":"Star","AllGroupProperties":{"Basic":{"Name":"Basic","Properties":{"Designation":"Gl 388","StellarClass":"M4.5Ve"}},"Catalogue":{"Name":"Catalogue","Properties":{"HabHyg":"58","Hip":"-1"}}},"StarGroupIdentifiers":{"Name":"GroupIdentifiers-ProgressionStar","GroupIdentifiers":{}}},"Star-00038":{"Identifier":"Star-00038","ParentIdentifier":"StarSystem-00030","Name":"Red","BodyType":"Star","AllGroupProperties":{"Basic":{"Name":"Basic","Properties":{"Designation":"SCR 1845 A","StellarClass":"M8.5V"}},"Catalogue":{"Name":"Catalogue","Properties":{"HabHyg":"-1","Hip":"-1"}}},"StarGroupIdentifiers":{"Name":"GroupIdentifiers-ProgressionStar","GroupIdentifiers":{}}},"Star-00039":{"Identifier":"Star-00039","ParentIdentifier":"StarSystem-00031","Name":"Cancri","BodyType":"Star","AllGroupProperties":{"Basic":{"Name":"Basic","Properties":{"Designation":"GJ 1111","StellarClass":"M6.5"}},"Catalogue":{"Name":"Catalogue","Properties":{"HabHyg":"23","Hip":"-1"}}},"StarGroupIdentifiers":{"Name":"GroupIdentifiers-ProgressionStar","GroupIdentifiers":{}}},"Star-00040":{"Identifier":"Star-00040","ParentIdentifier":"StarSystem-00032","Name":"Eureka","BodyType":"Star","AllGroupProperties":{"Basic":{"Name":"Basic","Properties":{"Designation":"Gl 440","StellarClass":"DC:"}},"Catalogue":{"Name":"Catalogue","Properties":{"HabHyg":"50","Hip":"57367"}}},"StarGroupIdentifiers":{"Name":"GroupIdentifiers-ProgressionStar","GroupIdentifiers":{}}},"Star-00041":{"Identifier":"Star-00041","ParentIdentifier":"StarSystem-00033","Name":"TeeGarden","BodyType":"Star","AllGroupProperties":{"Basic":{"Name":"Basic","Properties":{"Designation":"SO025300.5+165258","StellarClass":"M4.5V"}},"Catalogue":{"Name":"Catalogue","Properties":{"HabHyg":"-1","Hip":"-1"}}},"StarGroupIdentifiers":{"Name":"GroupIdentifiers-ProgressionStar","GroupIdentifiers":{}}},"Star-00042":{"Identifier":"Star-00042","ParentIdentifier":"StarSystem-00034","Name":"Van Maanen","BodyType":"Star","AllGroupProperties":{"Basic":{"Name":"Basic","Properties":{"Designation":"Gl 35","StellarClass":"DG"}},"Catalogue":{"Name":"Catalogue","Properties":{"HabHyg":"41","Hip":"3829"}}},"StarGroupIdentifiers":{"Name":"GroupIdentifiers-ProgressionStar","GroupIdentifiers":{}}},"Star-00043":{"Identifier":"Star-00043","ParentIdentifier":"StarSystem-00035","Name":"Ross","BodyType":"Star","AllGroupProperties":{"Basic":{"Name":"Basic","Properties":{"Designation":"UGPS 0722-05","StellarClass":"T10"}},"Catalogue":{"Name":"Catalogue","Properties":{"HabHyg":"-1","Hip":"-1"}}},"StarGroupIdentifiers":{"Name":"GroupIdentifiers-ProgressionStar","GroupIdentifiers":{}}},"Star-00044":{"Identifier":"Star-00044","ParentIdentifier":"StarSystem-00036","Name":"Bradley","BodyType":"Star","AllGroupProperties":{"Basic":{"Name":"Basic","Properties":{"Designation":"Gl 820 A","StellarClass":"K5V"}},"Catalogue":{"Name":"Catalogue","Properties":{"HabHyg":"20","Hip":"104214"}}},"StarGroupIdentifiers":{"Name":"GroupIdentifiers-ProgressionStar","GroupIdentifiers":{}}},"Star-00045":{"Identifier":"Star-00045","ParentIdentifier":"StarSystem-00036","Name":"Paizzi","BodyType":"Star","AllGroupProperties":{"Basic":{"Name":"Basic","Properties":{"Designation":"Gl 820 B","StellarClass":"K7V"}},"Catalogue":{"Name":"Catalogue","Properties":{"HabHyg":"21","Hip":"104217"}}},"StarGroupIdentifiers":{"Name":"GroupIdentifiers-ProgressionStar","GroupIdentifiers":{}}},"Star-00046":{"Identifier":"Star-00046","ParentIdentifier":"StarSystem-00037","Name":"Indus","BodyType":"Star","AllGroupProperties":{"Basic":{"Name":"Basic","Properties":{"Designation":"Gl 845 A","StellarClass":"K5V"}},"Catalogue":{"Name":"Catalogue","Properties":{"HabHyg":"27","Hip":"108870"}}},"StarGroupIdentifiers":{"Name":"GroupIdentifiers-ProgressionStar","GroupIdentifiers":{}}},"Star-00047":{"Identifier":"Star-00047","ParentIdentifier":"StarSystem-00037","Name":"Ghaggar","BodyType":"Star","AllGroupProperties":{"Basic":{"Name":"Basic","Properties":{"Designation":"Gl 845 B","StellarClass":"T1V"}},"Catalogue":{"Name":"Catalogue","Properties":{"HabHyg":"27","Hip":"108870"}}},"StarGroupIdentifiers":{"Name":"GroupIdentifiers-ProgressionStar","GroupIdentifiers":{}}},"Star-00048":{"Identifier":"Star-00048","ParentIdentifier":"StarSystem-00037","Name":"Hakra","BodyType":"Star","AllGroupProperties":{"Basic":{"Name":"Basic","Properties":{"Designation":"Gl 845 C","StellarClass":"T6V"}},"Catalogue":{"Name":"Catalogue","Properties":{"HabHyg":"27","Hip":"108870"}}},"StarGroupIdentifiers":{"Name":"GroupIdentifiers-ProgressionStar","GroupIdentifiers":{}}},"Star-00049":{"Identifier":"Star-00049","ParentIdentifier":"StarSystem-00038","Name":"Arietis","BodyType":"Star","AllGroupProperties":{"Basic":{"Name":"Basic","Properties":{"Designation":"Gl 83.1","StellarClass":"M8e"}},"Catalogue":{"Name":"Catalogue","Properties":{"HabHyg":"43","Hip":"-1"}}},"StarGroupIdentifiers":{"Name":"GroupIdentifiers-ProgressionStar","GroupIdentifiers":{}}},"Star-00050":{"Identifier":"Star-00050","ParentIdentifier":"StarSystem-00039","Name":"Flare","BodyType":"Star","AllGroupProperties":{"Basic":{"Name":"Basic","Properties":{"Designation":"DEN 1048-3956","StellarClass":"M8.5V"}},"Catalogue":{"Name":"Catalogue","Properties":{"HabHyg":"-1","Hip":"-1"}}},"StarGroupIdentifiers":{"Name":"GroupIdentifiers-ProgressionStar","GroupIdentifiers":{}}},"Star-00051":{"Identifier":"Star-00051","ParentIdentifier":"StarSystem-00040","Name":"Demic","BodyType":"Star","AllGroupProperties":{"Basic":{"Name":"Basic","Properties":{"Designation":"Gl 412 A","StellarClass":"M2V"}},"Catalogue":{"Name":"Catalogue","Properties":{"HabHyg":"57","Hip":"54211"}}},"StarGroupIdentifiers":{"Name":"GroupIdentifiers-ProgressionStar","GroupIdentifiers":{}}},"Star-00052":{"Identifier":"Star-00052","ParentIdentifier":"StarSystem-00041","Name":"Lapis","BodyType":"Star","AllGroupProperties":{"Basic":{"Name":"Basic","Properties":{"Designation":"Gl 628","StellarClass":"M3.5"}},"Catalogue":{"Name":"Catalogue","Properties":{"HabHyg":"39","Hip":"80824"}}},"StarGroupIdentifiers":{"Name":"GroupIdentifiers-ProgressionStar","GroupIdentifiers":{}}},"Star-00053":{"Identifier":"Star-00053","ParentIdentifier":"StarSystem-00042","Name":"Banawali","BodyType":"Star","AllGroupProperties":{"Basic":{"Name":"Basic","Properties":{"Designation":"Gl 876","StellarClass":"M5"}},"Catalogue":{"Name":"Catalogue","Properties":{"HabHyg":"55","Hip":"113020"}}},"StarGroupIdentifiers":{"Name":"GroupIdentifiers-ProgressionStar","GroupIdentifiers":{}}},"Star-00054":{"Identifier":"Star-00054","ParentIdentifier":"StarSystem-00043","Name":"Rudra","BodyType":"Star","AllGroupProperties":{"Basic":{"Name":"Basic","Properties":{"Designation":"GJ 1245 A","StellarClass":"M5.5V"}},"Catalogue":{"Name":"Catalogue","Properties":{"HabHyg":"53","Hip":"-1"}}},"StarGroupIdentifiers":{"Name":"GroupIdentifiers-ProgressionStar","GroupIdentifiers":{}}},"Star-00055":{"Identifier":"Star-00055","ParentIdentifier":"StarSystem-00043","Name":"Pashupati","BodyType":"Star","AllGroupProperties":{"Basic":{"Name":"Basic","Properties":{"Designation":"GJ 1245 B","StellarClass":"M"}},"Catalogue":{"Name":"Catalogue","Properties":{"HabHyg":"53","Hip":"-1"}}},"StarGroupIdentifiers":{"Name":"GroupIdentifiers-ProgressionStar","GroupIdentifiers":{}}},"Star-00056":{"Identifier":"Star-00056","ParentIdentifier":"StarSystem-00044","Name":"Altaira","BodyType":"Star","AllGroupProperties":{"Basic":{"Name":"Basic","Properties":{"Designation":"Gl 768","StellarClass":"A7Vn"}},"Catalogue":{"Name":"Catalogue","Properties":{"HabHyg":"70","Hip":"97649"}}},"StarGroupIdentifiers":{"Name":"GroupIdentifiers-ProgressionStar","GroupIdentifiers":{}}},"Star-00057":{"Identifier":"Star-00057","ParentIdentifier":"StarSystem-00045","Name":"Krell","BodyType":"Star","AllGroupProperties":{"Basic":{"Name":"Basic","Properties":{"Designation":"Gl 702 A","StellarClass":"K1V"}},"Catalogue":{"Name":"Catalogue","Properties":{"HabHyg":"69","Hip":"88601"}}},"StarGroupIdentifiers":{"Name":"GroupIdentifiers-ProgressionStar","GroupIdentifiers":{}}},"Star-00058":{"Identifier":"Star-00058","ParentIdentifier":"StarSystem-00045","Name":"Robby","BodyType":"Star","AllGroupProperties":{"Basic":{"Name":"Basic","Properties":{"Designation":"Gl 702 B","StellarClass":"K5V"}},"Catalogue":{"Name":"Catalogue","Properties":{"HabHyg":"68","Hip":"-1"}}},"StarGroupIdentifiers":{"Name":"GroupIdentifiers-ProgressionStar","GroupIdentifiers":{}}},"Star-00059":{"Identifier":"Star-00059","ParentIdentifier":"StarSystem-00046","Name":"Mobius","BodyType":"Star","AllGroupProperties":{"Basic":{"Name":"Basic","Properties":{"Designation":"GJ 1116 A","StellarClass":"M"}},"Catalogue":{"Name":"Catalogue","Properties":{"HabHyg":"71","Hip":"-1"}}},"StarGroupIdentifiers":{"Name":"GroupIdentifiers-ProgressionStar","GroupIdentifiers":{}}},"Star-00060":{"Identifier":"Star-00060","ParentIdentifier":"StarSystem-00046","Name":"Pidgeon","BodyType":"Star","AllGroupProperties":{"Basic":{"Name":"Basic","Properties":{"Designation":"GJ 1116 B","StellarClass":"M"}},"Catalogue":{"Name":"Catalogue","Properties":{"HabHyg":"72","Hip":"-1"}}},"StarGroupIdentifiers":{"Name":"GroupIdentifiers-ProgressionStar","GroupIdentifiers":{}}},"Star-00061":{"Identifier":"Star-00061","ParentIdentifier":"StarSystem-00047","Name":"Bellerophon","BodyType":"Star","AllGroupProperties":{"Basic":{"Name":"Basic","Properties":{"Designation":"Gl 205","StellarClass":"M1.5"}},"Catalogue":{"Name":"Catalogue","Properties":{"HabHyg":"85","Hip":"25878"}}},"StarGroupIdentifiers":{"Name":"GroupIdentifiers-ProgressionStar","GroupIdentifiers":{}}},"Star-00062":{"Identifier":"Star-00062","ParentIdentifier":"StarSystem-00048","Name":"Id","BodyType":"Star","AllGroupProperties":{"Basic":{"Name":"Basic","Properties":{"Designation":"Gl 445","StellarClass":"M"}},"Catalogue":{"Name":"Catalogue","Properties":{"HabHyg":"75","Hip":"57544"}}},"StarGroupIdentifiers":{"Name":"GroupIdentifiers-ProgressionStar","GroupIdentifiers":{}}},"Star-00063":{"Identifier":"Star-00063","ParentIdentifier":"StarSystem-00049","Name":"Adams","BodyType":"Star","AllGroupProperties":{"Basic":{"Name":"Basic","Properties":{"Designation":"Gl 251","StellarClass":"M3"}},"Catalogue":{"Name":"Catalogue","Properties":{"HabHyg":"87","Hip":"-1"}}},"StarGroupIdentifiers":{"Name":"GroupIdentifiers-ProgressionStar","GroupIdentifiers":{}}},"Star-00064":{"Identifier":"Star-00064","ParentIdentifier":"StarSystem-00050","Name":"Lacerta","BodyType":"Star","AllGroupProperties":{"Basic":{"Name":"Basic","Properties":{"Designation":"Gl 873","StellarClass":"M4.5"}},"Catalogue":{"Name":"Catalogue","Properties":{"HabHyg":"67","Hip":"112460"}}},"StarGroupIdentifiers":{"Name":"GroupIdentifiers-ProgressionStar","GroupIdentifiers":{}}},"Star-00065":{"Identifier":"Star-00065","ParentIdentifier":"StarSystem-00051","Name":"Lacerta","BodyType":"Star","AllGroupProperties":{"Basic":{"Name":"Basic","Properties":{"Designation":"Gl 693","StellarClass":"M2"}},"Catalogue":{"Name":"Catalogue","Properties":{"HabHyg":"90","Hip":"86990"}}},"StarGroupIdentifiers":{"Name":"GroupIdentifiers-ProgressionStar","GroupIdentifiers":{}}},"Star-00066":{"Identifier":"Star-00066","ParentIdentifier":"StarSystem-00052","Name":"Keid","BodyType":"Star","AllGroupProperties":{"Basic":{"Name":"Basic","Properties":{"Designation":"Gl 166 A","StellarClass":"K1"}},"Catalogue":{"Name":"Catalogue","Properties":{"HabHyg":"65","Hip":"19849"}}},"StarGroupIdentifiers":{"Name":"GroupIdentifiers-ProgressionStar","GroupIdentifiers":{}}},"Star-00067":{"Identifier":"Star-00067","ParentIdentifier":"StarSystem-00052","Name":"Little White","BodyType":"Star","AllGroupProperties":{"Basic":{"Name":"Basic","Properties":{"Designation":"Gl 166 B","StellarClass":"DA4"}},"Catalogue":{"Name":"Catalogue","Properties":{"HabHyg":"63","Hip":"-1"}}},"StarGroupIdentifiers":{"Name":"GroupIdentifiers-ProgressionStar","GroupIdentifiers":{}}},"Star-00068":{"Identifier":"Star-00068","ParentIdentifier":"StarSystem-00052","Name":"Little Red","BodyType":"Star","AllGroupProperties":{"Basic":{"Name":"Basic","Properties":{"Designation":"Gl 166 C","StellarClass":"M4.5e"}},"Catalogue":{"Name":"Catalogue","Properties":{"HabHyg":"64","Hip":"-1"}}},"StarGroupIdentifiers":{"Name":"GroupIdentifiers-ProgressionStar","GroupIdentifiers":{}}}}