{
  "Asteroid-00001": {
    "Identifier": "Asteroid-00001",
    "ParentIdentifier": "Star-00001",
    "Name": "Ceres",
    "BodyType": "Asteroid",
    "Properties": {
      "PropertyGroups": {
        "Basic": {}
      }
    }
  },
  "Asteroid-00002": {
    "Identifier": "Asteroid-00002",
    "ParentIdentifier": "Star-00001",
    "Name": "Pallas",
    "BodyType": "Asteroid",
    "Properties": {
      "PropertyGroups": {
        "Basic": {}
      }
    }
  },
  "Asteroid-00003": {
    "Identifier": "Asteroid-00003",
    "ParentIdentifier": "Star-00001",
    "Name": "Juno",
    "BodyType": "Asteroid",
    "Properties": {
      "PropertyGroups": {
        "Basic": {}
      }
    }
  }
}