{
  "7e73c559-beaa-43ff-8c8e-4d25ddb6f5fe": {
    "Identifier": "7e73c559-beaa-43ff-8c8e-4d25ddb6f5fe",
    "ParentIdentifier": "aba44175-81ec-498f-b365-f855b567d8c5",
    "Name": "Ceres",
    "BodyType": "Asteroid",
    "Properties": {
      "PropertyGroups": {
        "Basic": {}
      }
    }
  },
  "c162d339-6fe9-4dab-85c5-9679925287ed": {
    "Identifier": "c162d339-6fe9-4dab-85c5-9679925287ed",
    "ParentIdentifier": "aba44175-81ec-498f-b365-f855b567d8c5",
    "Name": "Pallas",
    "BodyType": "Asteroid",
    "Properties": {
      "PropertyGroups": {
        "Basic": {}
      }
    }
  },
  "b8e8389a-9c1c-4213-bb8a-a79b354dbc26": {
    "Identifier": "b8e8389a-9c1c-4213-bb8a-a79b354dbc26",
    "ParentIdentifier": "aba44175-81ec-498f-b365-f855b567d8c5",
    "Name": "Juno",
    "BodyType": "Asteroid",
    "Properties": {
      "PropertyGroups": {
        "Basic": {}
      }
    }
  }
}