{
  "00b9c2da-d94f-4d25-9fba-4c37dd1a1ede": {
    "Identifier": "00b9c2da-d94f-4d25-9fba-4c37dd1a1ede",
    "ParentIdentifier": "aba44175-81ec-498f-b365-f855b567d8c5",
    "Name": "Haley's",
    "BodyType": "Comet",
    "Properties": {
      "PropertyGroups": {
        "Basic": {}
      }
    }
  },
  "34b5e7e6-36df-4ef9-935e-efbeb48e440c": {
    "Identifier": "34b5e7e6-36df-4ef9-935e-efbeb48e440c",
    "ParentIdentifier": "aba44175-81ec-498f-b365-f855b567d8c5",
    "Name": "Caeser's",
    "BodyType": "Comet",
    "Properties": {
      "PropertyGroups": {
        "Basic": {}
      }
    }
  }
}