{
  "2845f865-fda3-4c06-9cf6-ecb633f3d284": {
    "Identifier": "2845f865-fda3-4c06-9cf6-ecb633f3d284",
    "ParentIdentifier": "aba44175-81ec-498f-b365-f855b567d8c5",
    "Name": "Mercury",
    "BodyType": "Planet",
    "Properties": {
      "PropertyGroups": {
        "Basic": {}
      }
    },
    "PlanetGroupIdentifiers": {
      "Name": "GroupIdentifiers-Planet",
      "GroupIdentifiers": {}
    }
  },
  "bc7b018e-2679-4ce8-99c1-d1f74b91e9d6": {
    "Identifier": "bc7b018e-2679-4ce8-99c1-d1f74b91e9d6",
    "ParentIdentifier": "aba44175-81ec-498f-b365-f855b567d8c5",
    "Name": "Venus",
    "BodyType": "Planet",
    "Properties": {
      "PropertyGroups": {
        "Basic": {}
      }
    },
    "PlanetGroupIdentifiers": {
      "Name": "GroupIdentifiers-Planet",
      "GroupIdentifiers": {}
    }
  },
  "90320803-499a-413e-9399-a7bb8ee2a0fc": {
    "Identifier": "90320803-499a-413e-9399-a7bb8ee2a0fc",
    "ParentIdentifier": "aba44175-81ec-498f-b365-f855b567d8c5",
    "Name": "Earth",
    "BodyType": "Planet",
    "Properties": {
      "PropertyGroups": {
        "Basic": {}
      }
    },
    "PlanetGroupIdentifiers": {
      "Name": "GroupIdentifiers-Planet",
      "GroupIdentifiers": {
        "Satellites": {
          "Moon": "b26071d8-22a0-42fa-8409-96c63d2e2680"
        }
      }
    }
  },
  "e1aa17ed-51a8-4343-8fae-14883a3f7ceb": {
    "Identifier": "e1aa17ed-51a8-4343-8fae-14883a3f7ceb",
    "ParentIdentifier": "aba44175-81ec-498f-b365-f855b567d8c5",
    "Name": "Mars",
    "BodyType": "Planet",
    "Properties": {
      "PropertyGroups": {
        "Basic": {}
      }
    },
    "PlanetGroupIdentifiers": {
      "Name": "GroupIdentifiers-Planet",
      "GroupIdentifiers": {}
    }
  },
  "5992abc0-7619-4879-8eb4-ea050dd53fdd": {
    "Identifier": "5992abc0-7619-4879-8eb4-ea050dd53fdd",
    "ParentIdentifier": "aba44175-81ec-498f-b365-f855b567d8c5",
    "Name": "Jupiter",
    "BodyType": "Planet",
    "Properties": {
      "PropertyGroups": {
        "Basic": {}
      }
    },
    "PlanetGroupIdentifiers": {
      "Name": "GroupIdentifiers-Planet",
      "GroupIdentifiers": {}
    }
  },
  "3e02305b-4e17-47cf-b538-1ee971630985": {
    "Identifier": "3e02305b-4e17-47cf-b538-1ee971630985",
    "ParentIdentifier": "aba44175-81ec-498f-b365-f855b567d8c5",
    "Name": "Saturn",
    "BodyType": "Planet",
    "Properties": {
      "PropertyGroups": {
        "Basic": {}
      }
    },
    "PlanetGroupIdentifiers": {
      "Name": "GroupIdentifiers-Planet",
      "GroupIdentifiers": {}
    }
  },
  "b3bf2d94-d251-44c8-8fce-b72be673ee27": {
    "Identifier": "b3bf2d94-d251-44c8-8fce-b72be673ee27",
    "ParentIdentifier": "aba44175-81ec-498f-b365-f855b567d8c5",
    "Name": "Uranus",
    "BodyType": "Planet",
    "Properties": {
      "PropertyGroups": {
        "Basic": {}
      }
    },
    "PlanetGroupIdentifiers": {
      "Name": "GroupIdentifiers-Planet",
      "GroupIdentifiers": {}
    }
  },
  "e95c901c-c337-49b0-af5c-8be25f04a6bd": {
    "Identifier": "e95c901c-c337-49b0-af5c-8be25f04a6bd",
    "ParentIdentifier": "aba44175-81ec-498f-b365-f855b567d8c5",
    "Name": "Neptune",
    "BodyType": "Planet",
    "Properties": {
      "PropertyGroups": {
        "Basic": {}
      }
    },
    "PlanetGroupIdentifiers": {
      "Name": "GroupIdentifiers-Planet",
      "GroupIdentifiers": {}
    }
  },
  "cd8b8b43-ab81-4d1f-a3c0-17cd7c48f1f1": {
    "Identifier": "cd8b8b43-ab81-4d1f-a3c0-17cd7c48f1f1",
    "ParentIdentifier": "aba44175-81ec-498f-b365-f855b567d8c5",
    "Name": "Pluto",
    "BodyType": "Planet",
    "Properties": {
      "PropertyGroups": {
        "Basic": {}
      }
    },
    "PlanetGroupIdentifiers": {
      "Name": "GroupIdentifiers-Planet",
      "GroupIdentifiers": {}
    }
  }
}