{
  "Star-00001": {
    "Identifier": "Star-00001",
    "ParentIdentifier": null,
    "Name": "Sol",
    "BodyType": "Star",
    "Properties": {
      "PropertyGroups": {
        "Basic": {
          "StellarClass": "G2V"
        }
      }
    },
    "StarGroupIdentifiers": {
      "Name": "GroupIdentifiers-Star",
      "GroupIdentifiers": {
        "Planets": {
          "Mercury": "Planet-00001",
          "Venus": "Planet-00002",
          "Earth": "Planet-00003",
          "Mars": "Planet-00004",
          "Jupiter": "Planet-00005",
          "Saturn": "Planet-00006",
          "Uranus": "Planet-00007",
          "Neptune": "Planet-00008",
          "Pluto": "Planet-00009"
        },
        "Asteroids": {
          "Ceres": "Asteroid-00001",
          "Pallas": "Asteroid-00002",
          "Juno": "Asteroid-00003"
        },
        "Comets": {
          "Haley's": "Comet-00001",
          "Caeser's": "Comet-00002"
        }
      }
    }
  }
}