{
  "aba44175-81ec-498f-b365-f855b567d8c5": {
    "Identifier": "aba44175-81ec-498f-b365-f855b567d8c5",
    "ParentIdentifier": null,
    "Name": "Sol",
    "BodyType": "Star",
    "Properties": {
      "PropertyGroups": {
        "Basic": {
          "StellarClass": "G2V"
        }
      }
    },
    "StarGroupIdentifiers": {
      "Name": "GroupIdentifiers-Star",
      "GroupIdentifiers": {
        "Planets": {
          "Mercury": "2845f865-fda3-4c06-9cf6-ecb633f3d284",
          "Venus": "bc7b018e-2679-4ce8-99c1-d1f74b91e9d6",
          "Earth": "90320803-499a-413e-9399-a7bb8ee2a0fc",
          "Mars": "e1aa17ed-51a8-4343-8fae-14883a3f7ceb",
          "Jupiter": "5992abc0-7619-4879-8eb4-ea050dd53fdd",
          "Saturn": "3e02305b-4e17-47cf-b538-1ee971630985",
          "Uranus": "b3bf2d94-d251-44c8-8fce-b72be673ee27",
          "Neptune": "e95c901c-c337-49b0-af5c-8be25f04a6bd",
          "Pluto": "cd8b8b43-ab81-4d1f-a3c0-17cd7c48f1f1"
        },
        "Asteroids": {
          "Ceres": "7e73c559-beaa-43ff-8c8e-4d25ddb6f5fe",
          "Pallas": "c162d339-6fe9-4dab-85c5-9679925287ed",
          "Juno": "b8e8389a-9c1c-4213-bb8a-a79b354dbc26"
        },
        "Comets": {
          "Haley's": "00b9c2da-d94f-4d25-9fba-4c37dd1a1ede",
          "Caeser's": "34b5e7e6-36df-4ef9-935e-efbeb48e440c"
        }
      }
    }
  }
}